"Annex table 3. FDI instock, by region and economy, 1990–2023",,,,,,,,,,,,,,,,,,,,,,,,,,,,,,,,,,
(Millions of dollars),,,,,,,,,,,,,,,,,,,,,,,,,,,,,,,,,,
Region/economy,1990,1991,1992,1993,1994,1995,1996,1997,1998,1999,2000,2001,2002,2003,2004,2005,2006,2007,2008,2009,2010,2011,2012,2013,2014,2015,2016,2017,2018,2019,2020,2021,2022,2023
World,2196  202.9,2471  122.7,2493  698.9,2698  838.3,2963  743.8,3564  454.8,4133  993.6,4719  786.1,5916  606.8,7086  608.8,7377  200.9,7470  722.8,7331  946.9,9143  363.1,10623  275.7,11500  768.8,14188  362.4,18031  310.5,15018  574.8,17725  378.8,19842  937.3,20577  402.4,22926  395.7,24942  077.7,25947  962.6,26364  733.8,28061  133.8,32794  198.5,32441  526.0,36150  804.8,41892  770.2,47156  148.1,44375  102.0,49130  845.8
Developed economies,1692  574.6,1930  711.8,1896  451.3,2023  878.3,2219  620.3,2735  978.8,3172  450.2,3636  059.0,4730  334.8,5574  726.3,5860  037.6,5765  485.2,5688  813.1,7235  724.2,8401  743.1,8907  845.0,10958  018.5,13701  518.2,10977  650.3,12879  236.8,13778  925.5,14144  673.3,15589  071.9,17142  741.6,17560  068.4,17814  206.1,18966  549.2,22471  883.7,21837  185.0,24807  729.8,30006  575.5,32855  484.7,29591  913.0,33434  653.3
Europe,932  316.0,1029  067.7,972  857.8,1016  138.8,1189  832.6,1412  389.2,1589  863.0,1674  419.5,2202  852.9,2335  617.1,2491  244.0,2621  000.7,3033  369.0,3904  842.7,4594  103.2,4921  591.5,6337  622.1,8360  208.4,7170  326.0,8139  409.2,8371  973.6,8734  873.4,9590  331.1,10125  861.3,10005  898.2,10188  070.5,10383  533.4,12364  471.2,12160  302.5,13032  186.4,16995  057.5,16812  979.6,16110  676.1,17266  928.0
European Union,681  628.1,768  736.4,752  784.0,783  659.1,931  123.1,1129  681.9,1275  843.5,1322  130.2,1749  205.4,1820  419.7,1882  784.8,1945  114.1,2274  807.2,2991  312.7,3487  323.1,3652  405.5,4601  236.7,6162  031.8,5355  404.9,5960  055.9,5902  599.0,6133  527.0,6573  914.7,6976  082.9,7116  127.6,7319  029.1,7255  349.5,8628  193.6,8390  703.1,8969  039.3,12464  888.6,12185  492.7,11672  193.6,12453  733.1
Austria,11  606.1,11  989.9,12  029.8,11  918.6,14  515.9,19  000.7,19  579.4,19  790.1,23  470.9,23  471.1,31  164.9,34  999.3,44  895.5,57  636.4,70  713.7,82  551.4,109  050.3,159  552.0,145  794.8,169  124.6,160  615.5,152  769.0,164  713.8,178  825.2,175  756.0,159  718.5,150  651.3,191  438.0,185  191.9,193  533.8,206  082.2,210  197.0,206  490.0,226  276.0
Belgium,  0.0,  0.0,  0.0,  0.0,  0.0,  0.0,  0.0,  0.0,  0.0,  0.0,  0.0,  0.0,  0.0,  0.0,  0.0,378  156.4,481  355.9,810  944.2,407  403.3,458  295.3,473  357.8,484  119.7,561  811.3,625  200.8,556  044.7,549  340.8,517  412.0,580  175.8,502  433.4,583  746.5,609  616.3,563  793.5,531  007.0,577  961.3
Belgium / Luxembourg,58  387.8,70  163.1,75  678.1,94  295.2,105  881.0,112  960.0,123  883.0,128  728.0,180  492.0,179  924.0,195  219.0,203  537.0,  0.0,  0.0,  0.0,  0.0,  0.0,  0.0,  0.0,  0.0,  0.0,  0.0,  0.0,  0.0,  0.0,  0.0,  0.0,  0.0,  0.0,  0.0,  0.0,  0.0,  0.0,  0.0
Bulgaria,  112.3,  168.2,  209.7,  249.7,  355.1,  445.5,  554.5,1  059.3,1  596.6,2  183.8,2  703.7,2  945.3,4  117.8,6  371.3,10  107.8,13  869.1,23  482.6,37  935.6,44  058.7,49  225.4,44  970.1,45  679.5,48  615.3,50  302.0,45  461.5,43  472.1,42  945.6,50  924.8,50  431.9,51  741.4,59  730.0,57  880.0,57  475.1,61  945.3
Croatia,  0.0,  0.0,  129.2,  273.4,  387.9,  495.9,  988.5,2  135.9,1  931.9,2  564.1,2  785.2,3  544.4,5  507.1,7  664.7,11  435.2,13  683.8,24  872.2,42  296.3,28  740.5,33  984.2,32  925.4,29  566.4,30  833.1,31  288.6,31  191.7,25  662.8,27  550.5,33  538.0,32  895.2,35  994.5,38  417.8,39  180.2,38  365.1,42  909.3
Cyprus,-  849.1,-  767.3,-  659.9,-  576.5,-  501.3,-  125.5,  303.4,  849.9,1  195.3,2  008.3,2  845.9,3  774.6,4  813.2,6  754.9,108  108.3,102  649.2,131  972.5,172  407.7,180  528.0,247  446.6,260  131.6,283  473.5,349  620.5,385  812.6,385  233.5,387  751.8,388  593.2,450  039.0,434  498.4,481  743.6,490  879.8,57  957.8,63  536.7,90  804.1
Czechia,1  363.0,1  886.0,2  787.1,3  423.1,4  546.8,7  350.1,8  572.4,9  233.8,14  375.1,17  552.1,21  643.7,27  092.2,38  669.2,45  286.6,57  258.9,60  662.3,79  841.0,112  408.0,113  173.5,125  827.4,128  504.1,120  569.3,136  493.2,134  084.6,121  511.8,116  627.8,121  854.6,155  994.1,164  224.5,171  333.7,195  239.7,200  467.6,206  337.7,216  595.2
Denmark,9  191.8,14  712.1,14  387.3,14  617.9,18  083.2,23  800.9,22  340.0,22  267.8,35  693.9,47  642.9,73  574.0,75  438.5,82  799.1,100  191.4,71  706.6,72  402.3,89  727.3,107  609.9,100  638.6,102  301.7,96  136.3,98  121.6,97  925.0,93  898.0,95  766.4,91  978.9,99  403.5,115  887.4,117  652.7,128  998.0,143  824.5,124  388.8,116  290.6,125  051.0
Estonia,  0.0,  10.4,  92.3,  255.1,  472.1,  673.8,  821.5,1  161.3,1  821.6,2  465.3,2  645.4,3  148.9,4  231.0,7  013.7,10  044.6,11  192.0,12  119.3,15  670.6,15  448.8,15  840.6,15  551.1,16  349.7,18  936.5,21  779.8,20  375.7,18  446.8,19  119.0,23  323.2,24  316.3,27  377.1,33  589.2,34  586.8,34  289.5,40  489.9
Finland,4  276.5,3  933.9,3  940.4,4  576.8,6  588.2,8  155.0,8  609.5,9  593.7,16  455.1,18  320.3,24  272.6,24  070.3,33  987.1,50  256.5,57  379.1,54  801.8,70  568.7,91  702.6,83  533.6,85  163.1,86  697.9,89  231.5,96  640.8,88  805.7,93  052.3,81  657.6,79  932.1,89  984.6,72  072.1,85  821.0,90  467.9,86  166.0,82  980.4,149  649.1
France,104  267.9,116  664.9,129  993.8,135  445.7,163  851.1,233  126.5,314  647.1,328  950.7,454  046.4,597  283.0,184  215.0,195  513.3,251  728.8,345  576.8,403  440.7,371  447.5,493  763.3,623  625.4,563  005.0,648  012.3,630  710.4,698  871.1,680  409.5,788  373.1,703  566.7,686  911.3,688  669.2,828  676.2,800  886.5,833  848.3,957  362.4,944  582.4,947  200.1,1012  705.1
Germany,226  551.9,252  057.3,234  459.3,223  671.9,265  099.4,312  576.2,316  600.5,314  305.6,403  621.8,235  254.2,470  937.7,424  308.0,538  018.5,686  716.8,727  999.3,640  058.1,799  246.9,952  220.1,914  509.3,963  511.0,955  881.4,997  726.6,1077  018.7,967  687.7,859  565.0,781  717.5,794  527.1,963  098.8,940  576.8,963  565.9,1153  099.0,1105  366.9,1091  561.2,1128  258.9
Greece,5  680.8,6  815.8,7  959.8,8  936.8,9  917.8,10  970.8,12  028.8,13  012.8,13  084.0,15  890.0,14  112.8,13  941.3,15  560.6,22  453.6,28  481.5,29  189.3,41  288.0,53  220.8,38  118.6,42  097.2,35  025.8,29  059.7,24  765.1,25  849.8,21  550.3,24  081.2,24  615.4,33  403.3,35  743.5,45  158.4,39  085.6,43  479.4,50  578.2,61  592.5
Hungary,  569.6,2  107.3,3  423.8,5  575.9,7  086.8,11  303.5,13  281.9,17  968.2,20  732.8,23  260.2,22  869.9,27  406.9,36  223.9,48  340.3,61  566.9,61  110.3,80  153.4,95  469.3,88  079.7,98  901.6,91  014.8,85  615.0,104  408.0,109  150.3,100  410.8,86  253.7,82  701.0,92  556.1,92  067.2,93  882.0,101  789.0,105  810.9,107  550.6,118  982.5
Ireland,37  988.9,39  350.5,40  808.7,41  886.6,42  743.6,44  186.5,46  804.0,47  970.2,62  205.2,72  815.4,127  088.7,134  052.5,182  897.4,222  837.3,207  646.8,163  530.0,156  491.3,203  682.6,188  290.0,250  102.6,285  575.3,290  494.9,383  204.0,414  740.6,429  846.2,890  096.1,840  663.9,1057  987.3,1049  411.4,1212  788.8,1413  833.7,1424  156.1,1369  155.5,1410  084.5
Italy,59  997.6,61  575.6,49  963.4,53  949.5,60  376.1,65  350.0,74  640.1,85  468.4,108  821.6,117  334.3,122  533.0,114  800.5,134  743.2,188  164.2,231  791.4,237  473.6,312  463.7,376  513.0,327  910.8,364  427.3,328  058.5,355  126.5,375  029.4,364  959.2,352  501.6,340  466.0,352  633.7,424  732.9,434  643.4,443  554.2,490  196.7,454  494.4,458  915.1,493  529.7
Latvia,  0.0,  144.8,  176.3,  221.4,  435.8,  615.5,  936.2,1  271.2,1  557.1,1  795.9,1  691.2,1  862.5,2  438.2,3  185.3,4  529.0,4  906.4,7  509.5,10  990.7,11  308.9,11  519.0,10  868.7,12  061.7,13  488.2,15  903.8,15  130.1,14  733.3,14  326.2,17  678.9,17  557.4,18  030.6,20  614.0,24  006.6,24  066.8,26  595.2
Lithuania,  0.0,  96.8,  106.8,  137.0,  321.0,  352.0,  700.3,1  040.6,1  625.3,2  063.0,2  334.3,2  665.5,3  981.3,4  959.8,6  553.0,8  449.9,11  619.9,15  652.2,13  268.1,14  824.2,15  455.3,16  147.0,17  726.6,19  525.2,16  889.1,16  046.4,16  171.4,19  302.0,19  108.9,21  354.3,24  012.8,26  215.1,27  685.8,31  564.0
Luxembourg,  0.0,  0.0,  0.0,  0.0,  0.0,  0.0,  0.0,  0.0,  0.0,  0.0,  0.0,  0.0,39  075.1,59  100.1,76  150.3,64  729.3,84  844.6,137  380.4,125  127.6,172  217.0,172  257.3,225  724.9,168  354.2,181  234.3,111  368.2,265  661.4,220  063.7,208  391.5,177  558.7,283  039.5,1525  769.1,1515  849.6,1155  656.3,1183  734.0
Malta,  465.3,  542.3,  581.9,  651.3,  416.1,  561.9,  844.0,  857.8,1  174.0,1  805.5,2  263.2,2  367.8,2  351.2,3  306.1,16  990.5,38  716.0,61  690.0,111  755.9,117  077.2,125  192.5,129  770.3,146  146.3,165  509.8,183  811.1,173  342.6,166  918.0,172  137.0,205  536.4,206  058.5,211  134.5,240  950.1,478  833.3,491  467.3,725  714.9
Netherlands,71  827.8,75  404.4,73  918.5,73  177.4,90  406.8,110  755.9,127  384.2,125  099.6,164  225.7,192  228.1,243  732.9,282  881.4,349  968.7,458  223.6,519  479.1,479  420.5,552  748.0,767  456.3,647  414.1,646  288.1,588  076.8,610  677.1,663  302.7,779  056.2,1453  322.2,1288  454.8,1305  961.0,1518  092.6,1480  918.6,1465  759.3,2809  748.1,2840  794.9,2775  590.7,2678  218.3
Poland,  109.0,  425.0,1  370.0,2  307.0,3  789.2,7  843.2,11  462.7,14  587.0,22  461.2,26  075.0,33  476.7,40  394.5,47  295.4,56  109.8,84  102.1,86  345.5,115  791.8,164  370.1,148  417.3,167  399.0,187  602.2,164  424.4,198  953.3,229  166.8,211  483.9,185  986.4,188  733.6,240  382.2,229  527.2,240  586.4,256  007.8,272  242.6,268  018.5,335  539.5
Portugal,9  603.8,11  685.4,13  201.3,16  163.3,17  274.1,18  591.7,20  640.5,22  609.8,30  089.3,26  911.2,34  223.7,38  187.8,50  997.9,70  799.0,58  919.3,56  710.9,77  177.2,95  865.9,79  368.8,92  494.5,90  899.6,92  307.2,105  736.6,132  121.1,123  733.1,123  506.9,122  728.9,152  165.4,147  833.8,157  845.7,176  300.6,177  801.4,177  164.6,195  340.1
Romania,  0.0,  44.0,  122.0,  215.0,  402.0,  821.0,1  097.2,2  416.6,4  527.2,5  674.0,6  953.0,8  339.2,7  846.4,12  202.5,20  486.0,25  383.5,44  516.5,61  609.8,64  758.9,70  340.2,68  699.4,69  512.5,76  328.7,83  628.6,75  273.0,70  398.4,74  568.9,90  967.5,92  887.0,99  200.7,111  387.5,113  586.2,115  133.2,125  554.8
Slovakia,  281.8,  362.8,  462.8,  641.9,  897.1,1  297.1,2  045.6,2  082.8,4  173.9,4  549.1,6  969.9,8  125.0,12  436.9,21  772.7,28  185.4,29  594.7,38  567.1,47  713.3,50  416.3,52  537.3,50  328.1,51  980.4,55  124.3,58  020.3,49  740.8,46  014.2,47  592.7,59  508.9,59  859.9,60  603.7,64  293.1,59  822.2,57  371.9,60  532.5
Slovenia,1  642.9,1  707.8,1  818.8,1  931.4,1  329.4,1  808.4,2  019.3,2  208.2,2  764.6,2  687.3,2  389.0,2  522.1,3  972.5,6  150.5,7  212.8,7  055.8,8  856.4,10  938.7,11  965.8,11  276.8,10  666.7,11  489.9,12  202.7,12  269.2,12  385.8,12  642.0,13  672.1,16  738.4,17  466.1,18  175.1,20  448.1,21  268.1,21  545.0,23  702.0
Spain,65  916.4,79  570.6,71  766.2,76  586.6,93  798.3,105  722.8,110  224.1,106  007.4,126  059.9,125  360.9,156  348.2,177  253.6,257  105.7,339  651.9,407  472.3,384  538.5,461  527.5,585  857.3,588  900.9,632  246.2,628  341.0,628  949.9,592  267.2,638  721.5,587  458.3,553  218.7,554  212.2,669  802.8,690  529.2,713  588.1,798  136.0,799  149.2,812  740.3,897  268.1
Sweden,12  636.0,18  084.8,14  056.5,13  127.0,22  649.6,31  042.6,34  835.1,41  453.6,51  002.6,73  300.8,93  791.2,91  942.0,119  145.5,160  586.9,199  562.5,173  777.4,229  991.8,297  183.2,258  147.8,309  460.1,324  477.7,327  331.6,354  496.1,361  866.8,294  166.2,291  265.6,293  909.8,337  867.4,314  353.1,326  633.9,394  007.6,403  415.7,384  020.5,413  135.3
Other Europe,250  687.9,260  331.3,220  073.8,232  479.7,258  709.5,282  707.2,314  019.6,352  289.3,453  647.5,515  197.4,608  459.2,675  886.6,758  561.9,913  530.0,1106  780.1,1269  186.0,1736  385.4,2198  176.5,1814  921.0,2179  353.3,2469  374.6,2601  346.4,3016  416.4,3149  778.4,2889  770.6,2869  041.4,3128  183.9,3736  277.6,3769  599.4,4063  147.1,4530  168.9,4627  486.9,4438  482.5,4813  195.0
Albania,  0.0,  0.0,  20.0,  88.0,  141.0,  211.0,  301.1,  348.7,  393.7,  434.9,  246.8,  327.0,  360.2,  482.9,  836.6,1  020.4,1  392.0,2  693.3,2  868.5,3  257.8,3  254.9,4  399.1,4  303.3,3  930.7,4  295.4,4  336.5,4  985.2,6  742.3,7  663.5,8  188.0,9  608.2,9  786.2,11  103.6,13  984.7
Belarus,  0.0,  0.0,  7.0,  24.6,  35.1,  49.8,  154.3,  505.9,1  319.7,1  155.7,1  305.5,1  397.2,1  645.9,1  898.6,2  057.0,2  382.8,2  734.3,4  483.0,6  682.7,8  536.7,9  904.2,12  996.8,14  570.4,16  669.1,17  737.3,17  972.0,18  622.5,12  831.0,13  030.6,14  416.5,13  717.4,14  657.1,15  440.3,15  822.1
Bosnia and Herzegovina,  0.0,  0.0,  0.0,  0.0,  0.0,  0.0,  0.0,  108.5,  186.5,  326.9,  450.3,  543.6,  942.3,1  561.3,2  286.5,2  301.6,3  202.6,5  396.8,6  102.7,6  936.4,6  708.9,7  127.3,7  563.8,8  502.9,7  506.8,7  160.9,7  139.9,8  553.4,8  635.4,8  776.9,9  845.8,9  711.0,9  514.9,10  666.8
Iceland,  146.7,  165.4,  123.2,  116.9,  126.7,  129.1,  199.4,  335.9,  466.0,  477.7,  497.5,  686.3,  797.9,1  193.3,2  077.0,4  688.7,7  667.4,16  418.6,9  207.6,8  629.4,11  783.9,12  655.8,10  366.7,7  367.0,7  888.8,7  851.0,9  841.0,10  129.9,8  750.7,8  011.9,7  342.7,9  656.3,9  070.2,9  384.4
Montenegro,  0.0,  0.0,  0.0,  0.0,  0.0,  0.0,  0.0,  0.0,  0.0,  0.0,  0.0,  0.0,  0.0,  0.0,  0.0,  0.0,  0.0,  0.0,  0.0,  0.0,4  231.2,4  209.4,4  706.6,5  192.1,4  897.3,4  881.0,4  572.0,5  388.5,5  354.6,5  414.3,5  819.0,5  359.8,5  494.5,6  065.7
North Macedonia,  0.0,  0.0,  0.0,  0.0,  77.1,  86.6,  97.8,  155.9,  315.5,  361.6,  539.7,  915.8,1  217.2,1  632.0,2  193.3,2  086.9,2  763.8,3  746.7,4  131.6,4  525.5,4  350.6,4  677.6,4  862.7,5  488.8,4  885.1,4  790.4,4  909.3,5  634.1,6  076.6,6  408.0,7  180.6,7  133.2,7  479.9,8  421.2
Norway,12  391.0,15  871.4,13  647.2,13  620.6,16  282.2,18  800.4,21  001.2,22  485.9,25  618.4,29  429.7,30  265.0,32  669.0,42  781.1,48  967.1,82  654.8,79  135.7,101  140.6,129  546.4,113  024.6,150  387.0,167  931.9,178  567.1,212  414.2,190  832.9,164  413.2,147  817.5,146  909.0,145  373.0,144  117.8,160  251.7,156  757.3,155  149.9,148  337.6,157  159.8
Republic of Moldova,  0.0,  0.0,  16.0,  16.0,  29.0,  97.4,  122.4,  195.5,  253.6,  319.3,  448.8,  549.1,  832.3,  923.5,1  055.2,1  233.9,1  520.3,2  151.0,2  498.8,2  556.3,2  897.3,3  362.9,3  396.6,3  310.5,3  200.5,2  840.8,2  888.5,3  563.2,4  038.5,4  707.9,4  709.6,4  775.8,4  932.7,5  531.3
Russian Federation,  0.0,  0.0,  0.0,  183.0,3  279.5,5  601.2,8  144.7,13  611.9,12  911.9,18  302.7,29  738.0,50  544.0,68  847.0,94  511.0,121  514.0,178  635.0,263  903.0,488  280.0,212  887.0,367  379.0,464  228.0,408  942.0,438  194.0,471  474.7,290  038.6,262  747.9,393  910.4,441  123.4,408  097.4,493  155.8,449  050.5,497  690.4,359  981.6,278  811.5
Serbia,  0.0,  0.0,  0.0,  0.0,  0.0,  0.0,  0.0,  0.0,  0.0,  0.0,  0.0,  0.0,  0.0,  0.0,  0.0,  0.0,  0.0,  0.0,19  333.3,20  869.8,22  299.3,24  674.6,26  013.6,31  489.9,29  569.3,29  072.5,30  369.1,37  788.3,40  294.7,43  826.2,52  220.1,52  222.6,53  498.7,60  459.5
Switzerland,34  244.8,35  748.9,32  989.9,38  713.7,48  667.5,57  062.8,53  918.2,59  518.9,71  995.1,75  994.9,101  634.8,103  773.0,143  617.9,184  198.8,222  692.7,192  342.4,293  730.0,381  391.0,478  224.2,532  405.0,648  091.7,720  565.9,781  079.3,822  051.2,720  406.8,799  389.5,992  127.3,1125  689.5,1075  642.2,1098  557.0,1181  032.0,1100  367.8,1038  034.1,1136  788.0
Ukraine,  0.0,  200.0,  284.2,  484.2,  484.0,  897.0,1  438.0,2  063.6,2  801.0,3  248.0,3  875.0,4  801.0,5  924.0,7  566.0,9  606.0,17  209.0,23  125.0,38  059.0,46  997.0,45  354.0,52  872.0,58  654.0,65  121.0,67  031.0,49  835.0,46  009.0,47  706.0,47  765.0,46  894.0,54  210.0,52  091.0,65  746.0,50  987.0,54  261.0
United Kingdom,203  905.4,208  345.6,172  986.3,179  232.7,189  587.5,199  771.8,228  642.6,252  958.6,337  386.2,385  145.9,439  457.7,479  680.6,491  596.1,570  595.6,659  807.0,788  149.5,1035  206.4,1124  649.7,911  161.6,1026  226.2,1068  186.9,1157  504.2,1440  493.7,1512  553.6,1581  501.1,1530  629.4,1460  614.1,1881  475.7,1996  776.6,2152  764.4,2575  604.9,2689  966.1,2718  891.7,3048  932.3
North America,652  444.2,786  161.9,804  679.9,875  265.8,868  056.9,1128  907.2,1362  095.5,1773  351.6,2322  379.7,2973  183.0,3108  255.0,2877  663.1,2312  289.9,2894  816.6,3261  529.7,3456  620.1,3999  954.2,4584  273.3,3106  637.1,3862  845.8,4406  182.5,4361  424.3,4869  307.8,5930  947.1,6451  599.6,6537  680.7,7406  203.5,8769  913.1,8312  337.7,10338  586.1,11438  731.3,14440  534.1,11879  937.6,14482  836.9
Canada,112  843.2,117  024.9,108  502.9,106  867.8,110  203.9,123  181.2,132  977.5,135  943.6,143  344.7,174  990.0,325  020.0,317  369.1,290  472.9,439  939.6,544  146.7,638  650.1,706  901.2,1032  966.3,620  191.1,867  386.8,983  889.5,862  698.3,953  502.8,982  529.1,994  711.6,806  297.7,903  453.5,963  583.1,965  460.7,1387  443.1,1297  537.3,1548  813.1,1495  990.6,1665  773.9
United States,539  601.0,669  137.0,696  177.0,768  398.0,757  853.0,1005  726.0,1229  118.0,1637  408.0,2179  035.0,2798  193.0,2783  235.0,2560  294.0,2021  817.0,2454  877.0,2717  383.0,2817  970.0,3293  053.0,3551  307.0,2486  446.0,2995  459.0,3422  293.0,3498  726.0,3915  805.0,4948  418.0,5456  888.0,5731  383.0,6502  750.0,7806  330.0,7346  877.0,8951  143.0,10141  194.0,12891  721.0,10383  947.0,12817  063.0
Other developed economies,107  814.4,115  482.2,118  913.6,132  473.7,161  730.8,194  682.4,220  491.7,188  287.8,205  102.3,265  926.3,260  538.7,266  821.4,343  154.2,436  064.9,546  110.2,529  633.4,620  442.2,757  036.5,700  687.2,876  981.9,1000  769.4,1048  375.6,1129  433.0,1085  933.1,1102  570.6,1088  455.0,1176  812.3,1337  499.3,1364  544.7,1436  957.3,1572  786.7,1601  971.0,1601  299.3,1684  888.4
Australia,80  364.4,81  538.4,79  665.6,87  643.0,101  343.9,111  310.6,122  701.9,106  451.3,113  102.5,127  144.5,121  685.8,123  670.9,154  274.8,219  094.3,291  009.6,247  747.9,302  078.8,391  760.6,307  751.0,439  623.3,527  728.2,555  574.6,615  813.9,569  825.3,582  537.9,566  429.0,611  138.4,700  460.2,699  981.2,726  118.6,783  821.0,763  568.4,776  764.5,807  426.6
Israel,4  476.0,4  568.0,4  307.0,4  976.0,4  263.8,5  893.2,7  376.5,9  045.0,10  417.8,17  743.1,20  425.7,18  938.7,17  885.9,22  652.7,24  876.3,30  811.1,43  372.6,49  088.6,48  247.6,56  253.5,60  086.3,64  841.9,75  804.8,86  531.0,89  619.7,99  312.7,107  482.8,127  160.7,143  970.9,161  396.6,182  629.0,221  501.0,229  879.5,244  471.5
Japan,9  850.0,12  297.0,15  511.0,16  884.0,19  211.0,33  531.0,29  939.7,27  079.6,26  064.0,46  115.5,50  322.9,50  319.5,78  142.8,89  729.2,96  986.9,100  901.1,107  635.8,132  854.4,203  373.8,200  143.6,214  879.7,225  787.4,205  752.4,170  710.1,171  663.3,174  146.0,196  613.9,202  441.1,204  523.6,223  809.7,250  070.1,241  125.5,225  367.1,246  800.5
New Zealand,7  938.4,10  760.6,12  544.6,15  539.1,22  062.2,25  727.6,34  743.7,31  507.2,33  190.5,32  875.4,24  101.4,20  378.2,29  880.4,38  194.0,44  314.6,44  094.0,50  120.4,58  967.2,44  113.5,56  458.5,59  738.5,64  432.0,71  576.7,75  343.1,76  621.8,66  480.4,70  094.8,75  721.8,76  389.6,81  538.3,92  629.2,93  002.0,94  318.7,99  128.3
Republic of Korea,5  185.6,6  318.1,6  885.4,7  431.6,14  850.0,18  220.0,25  730.0,14  170.0,22  190.0,41  850.0,43  738.0,53  207.5,62  658.3,66  069.7,87  766.4,104  879.1,115  773.5,121  956.5,94  721.5,121  933.4,135  499.7,135  178.3,157  876.1,180  859.7,179  441.0,179  544.4,188  877.0,229  399.4,237  237.8,241  657.1,260  801.1,280  084.7,272  328.0,284  146.1
Bermuda,  0.0,  0.0,  0.0,  0.0,  0.0,  0.0,  0.0,  34.7,  137.4,  197.9,  264.8,  306.6,  312.0,  324.9,1  156.5,1  200.2,1  461.2,2  409.3,2  479.8,2  569.6,2  837.0,2  561.5,2  609.1,2  664.0,2  686.9,2  542.5,2  605.5,2  316.2,2  441.6,2  437.0,2  836.3,2  689.5,2  641.5,2  915.5
Developing economies,503  628.3,540  411.0,597  247.6,674  960.0,744  123.5,828  476.0,961  543.3,1083  727.1,1186  272.0,1511  882.5,1517  163.3,1705  237.5,1643  133.8,1907  638.9,2221  532.6,2592  923.8,3230  344.0,4329  792.3,4040  924.6,4846  141.9,6064  011.8,6432  729.1,7337  323.8,7799  336.1,8387  894.2,8550  527.6,9094  584.6,10322  314.8,10604  341.0,11343  075.0,11886  194.7,14300  663.5,14783  189.0,15696  192.5
Africa,59  994.7,64  482.0,68  372.1,72  701.5,80  982.2,88  632.7,91  127.5,101  183.1,109  652.3,153  215.0,153  062.0,154  338.0,170  561.7,215  419.3,260  257.5,281  560.6,335  282.6,416  149.5,409  733.8,516  478.9,620  046.0,649  401.0,713  601.1,755  889.0,784  747.2,807  525.4,799  190.2,860  826.8,873  772.8,925  088.6,954  396.2,1025  422.7,1045  623.7,1036  252.4
North Africa,23  962.3,25  156.2,26  548.9,28  581.0,31  485.4,33  385.1,34  715.8,36  913.4,40  847.2,43  004.8,45  589.6,50  436.1,55  828.1,65  383.3,75  295.9,83  620.6,113  637.1,145  349.2,165  415.9,185  862.5,201  109.5,205  966.2,219  023.7,235  098.9,239  615.5,246  268.9,259  268.2,277  915.9,289  978.5,308  834.9,324  599.2,333  047.8,336  039.2,354  973.7
Algeria,1  560.6,1  640.6,1  670.6,1  670.6,1  670.6,1  670.6,1  940.6,2  200.6,2  807.2,3  098.8,3  378.9,4  492.0,5  556.9,6  194.8,7  079.6,8  225.2,10  113.6,11  857.3,14  489.3,17  243.4,19  544.7,23  535.7,25  035.2,26  732.1,28  238.8,27  654.3,29  290.6,30  522.9,31  997.5,33  379.3,34  519.1,35  388.8,35  643.5,36  859.8
Egypt,11  042.6,11  295.6,11  754.6,12  961.1,14  094.5,14  689.7,15  326.1,16  578.0,17  654.0,18  719.0,19  955.0,20  465.0,21  111.5,21  348.9,23  506.3,28  881.9,38  924.7,50  502.8,59  997.4,66  709.0,73  094.6,72  611.9,78  643.0,82  893.0,87  485.0,94  307.0,102  324.0,109  677.0,117  728.0,126  639.0,132  477.0,137  543.0,148  888.0,158  689.0
Libya,  678.0,  769.9,  869.0,  927.2,  854.6,  766.1,  654.4,  586.5,  458.6,  330.5,  471.5,  338.5,  483.5,  626.5,  983.5,2  021.5,4  085.5,7  935.5,11  115.5,14  425.5,16  334.5,16  334.5,17  759.5,18  461.5,18  461.9,18  461.9,18  461.9,18  461.9,18  461.9,18  461.9,18  461.9,18  461.9,18  461.9,18  461.9
Morocco,3  011.1,3  328.1,3  752.1,4  243.1,4  794.1,5  126.1,5  448.1,6  655.3,7  055.5,8  419.5,8  841.7,11  649.4,12  130.2,17  106.1,19  883.1,20  751.5,29  938.7,38  613.3,39  388.3,42  581.1,45  081.6,44  515.9,45  245.7,51  816.0,51  192.0,49  670.5,54  784.2,63  204.8,64  135.3,66  551.1,71  975.0,72  994.0,63  277.9,69  297.2
Sudan,  55.3,  54.7,  54.8,  54.6,  153.8,  165.8,  166.2,  264.1,  634.8,1  005.6,1  397.8,1  971.8,2  685.0,3  868.4,5  999.5,6  901.0,8  742.8,10  247.2,11  900.3,13  626.6,15  690.3,17  424.7,19  736.2,21  424.0,22  675.3,24  403.7,25  467.5,26  532.8,27  668.5,28  493.9,29  210.8,29  727.6,30  301.1,30  849.3
Tunisia,7  614.8,8  067.4,8  447.9,8  724.5,9  918.0,10  967.0,11  180.6,10  629.0,12  237.1,11  431.5,11  544.8,11  519.4,13  861.0,16  238.5,17  843.9,16  839.5,21  831.8,26  193.2,28  525.1,31  276.9,31  363.8,31  543.4,32  604.2,33  772.4,31  562.4,31  771.6,28  940.1,29  516.5,29  987.3,35  309.7,37  955.4,38  932.6,39  466.9,40  816.6
Other Africa,36  032.4,39  325.8,41  823.2,44  120.5,49  496.7,55  247.5,56  411.7,64  269.7,68  805.1,110  210.1,107  472.3,103  901.9,114  733.6,150  036.0,184  961.6,197  940.0,221  645.5,270  800.3,244  317.9,330  616.4,418  936.6,443  434.9,494  577.4,520  790.0,545  131.8,561  256.4,539  922.0,582  911.0,583  794.3,616  253.7,629  797.0,692  374.8,709  584.5,681  278.6
Central Africa,3  124.1,3  146.2,3  307.7,3  525.3,3  465.8,3  361.9,3  362.5,3  259.2,3  985.0,4  465.2,5  052.8,6  627.0,8  846.8,11  536.2,13  064.1,15  118.7,16  449.8,21  722.7,26  192.0,31  649.0,39  227.4,44  700.3,50  023.3,55  827.4,60  355.2,68  969.5,75  794.9,85  553.2,93  674.7,102  711.0,111  279.0,113  362.3,120  235.8,126  047.1
Burundi,  30.2,  31.0,  31.5,  31.9,  31.9,  33.7,  33.7,  33.7,  35.7,  35.1,  46.8,  46.8,  46.8,  46.8,  46.8,  47.4,  9.9,  9.4,  12.2,  12.6,  13.3,  15.2,  13.9,  131.7,  212.2,  252.0,  241.4,  231.0,  226.7,  227.7,  233.8,  241.7,  254.6,  283.1
Cameroon,  360.4,  345.9,  375.1,  380.3,  371.3,  378.5,  479.9,  558.2,  773.3,  757.8,  916.6,  989.9,1  591.6,1  927.9,2  014.0,2  248.0,2  264.4,2  455.4,2  431.2,3  099.6,3  099.0,3  454.4,4  193.6,4  972.6,5  042.5,5  137.6,5  602.3,7  237.1,7  652.1,8  538.2,8  931.1,5  557.9,6  483.6,7  282.8
Central African Republic,  95.4,  90.5,  79.8,  69.9,  73.5,  79.7,  90.6,  92.1,  99.7,  103.5,  104.3,  109.5,  115.1,  137.3,  165.9,  198.3,  233.0,  289.7,  406.8,  449.1,  510.6,  547.5,  617.6,  619.4,  622.9,  626.0,  633.3,  640.1,  658.1,  683.7,  685.5,  690.9,  714.9,  753.7
Chad,  249.7,  253.9,  255.9,  271.0,  298.1,  330.7,  370.2,  414.5,  436.2,  460.7,  575.9,1  035.7,1  959.9,2  672.5,3  139.3,3  040.0,2  761.6,2  439.9,2  906.0,3  280.9,3  593.9,3  875.8,4  455.6,4  975.8,4  300.3,4  859.7,5  104.2,5  467.6,5  928.5,6  495.1,7  052.8,7  757.9,8  371.9,9  285.3
Congo,  575.2,  607.9,  610.7,  896.7,  899.7,1  021.5,1  094.1,1  173.3,1  206.0,1  726.7,1  892.6,1  969.8,2  106.6,2  429.7,2  421.3,3  006.4,3  560.0,5  027.6,7  059.5,8  332.5,9  260.9,9  447.2,9  164.4,9  773.8,11  433.3,15  236.6,16  848.2,21  265.1,25  580.4,28  946.5,32  962.0,33  494.0,34  026.2,34  652.7
"Congo, Democratic Republic of",  546.4,  558.8,  558.1,  564.9,  563.4,  541.1,  565.9,  521.5,  582.9,  594.0,  617.4,  719.6,  907.2,1  298.4,1  707.5,1  974.1,2  230.2,4  038.2,5  765.1,6  428.9,9  368.1,11  055.0,14  367.2,16  465.4,18  308.6,19  982.1,21  186.8,22  527.0,24  143.8,25  631.9,27  278.8,29  148.8,30  994.6,32  629.2
Equatorial Guinea,  25.4,  66.7,  72.7,  95.0,  112.0,  175.3,  423.0,  476.4,  751.2,  905.5,1  060.0,2  000.7,2  324.1,3  013.9,3  354.8,4  124.0,4  593.5,5  836.2,5  042.3,6  678.6,9  412.6,11  387.6,12  372.8,12  955.8,13  123.6,14  311.3,16  066.6,16  451.5,16  307.0,17  128.4,17  119.3,17  680.9,19  069.1,19  210.9
Gabon,1  208.4,1  153.9,1  280.8,1  167.1,1  067.5,  750.8,  252.2,-  66.2,  32.9,-  184.8,-  227.4,-  316.5,-  279.5,-  73.4,  120.3,  362.6,  630.4,1  341.1,2  101.3,2  765.3,3  287.0,4  161.8,3  941.0,4  712.2,5  759.9,6  750.7,7  994.3,9  308.3,10  687.4,12  240.6,13  957.1,15  486.3,16  590.9,17  741.6
Rwanda,  32.7,  37.2,  42.7,  48.6,  48.6,  50.6,  52.8,  55.4,  62.5,  59.0,  55.2,  57.0,  56.9,  61.6,  69.3,  77.3,  88.2,  170.4,  273.7,  392.4,  422.1,  463.6,  582.7,  837.7,1  152.2,1  401.8,1  680.3,1  959.3,2  283.7,2  546.9,2  707.1,2  937.8,3  237.3,3  696.7
São Tomé and Principe,  0.4,  0.4,  0.4,-  0.1,-  0.1,-  0.1,  0.3,  0.4,  4.6,  7.6,  11.4,  14.4,  18.0,  21.4,  24.9,  40.6,  78.6,  114.6,  193.7,  209.2,  259.8,  292.0,  314.5,  383.0,  399.8,  411.7,  437.5,  466.0,  206.9,  272.0,  351.5,  366.1,  492.7,  511.2
East Africa,1  701.3,1  787.7,1  838.4,1  970.6,2  204.3,2  610.8,2  853.1,3  571.4,5  138.3,5  828.5,7  202.2,7  852.2,8  539.8,10  177.9,11  533.2,12  831.0,16  163.6,21  675.8,26  779.6,32  965.0,37  753.6,40  026.5,43  486.3,47  038.1,52  528.3,55  118.6,60  869.0,69  069.4,77  332.9,82  228.4,84  320.7,91  519.3,99  466.1,110  318.1
Comoros,  17.1,  19.6,  18.1,  18.3,  18.5,  19.4,  19.9,  19.9,  20.3,  20.6,  20.6,  21.8,  22.2,  23.0,  23.7,  24.3,  25.1,  32.8,  37.4,  51.2,  59.5,  82.6,  93.0,  97.2,  101.9,  106.9,  110.4,  114.3,  121.2,  129.1,  137.6,  141.6,  145.5,  150.5
Djibouti,  12.7,  15.0,  17.3,  18.8,  20.2,  23.4,  26.7,  29.1,  32.5,  36.8,  40.1,  43.4,  46.9,  61.2,  99.7,  104.4,  130.3,  180.9,  235.3,  295.1,  0.0,  0.0,  0.0,  0.0,  0.0,  0.0,  0.0,  0.0,  0.0,  0.0,  0.0,  0.0,  0.0,  0.0
Eritrea,  0.0,  0.0,  0.0,  0.0,  0.0,  0.0,  36.7,  77.8,  226.3,  309.5,  337.4,  349.5,  372.3,  397.3,  421.4,  422.8,  438.2,  445.4,  484.4,  575.4,  666.4,  705.4,  746.8,  790.6,  837.2,  886.5,  938.8,  994.2,1  055.3,1  122.4,1  092.0,1  060.8,1  028.8,1  030.8
Ethiopia,  124.4,  130.4,  130.6,  134.1,  151.3,  165.4,  187.4,  475.9,  736.5,  806.5,  941.1,1  290.5,1  545.5,2  010.5,2  555.6,2  820.8,3  366.0,3  588.0,3  696.5,3  918.0,4  206.3,4  832.8,5  111.4,6  455.2,8  310.3,10  936.8,15  079.7,19  096.8,22  407.1,24  955.9,27  351.3,31  610.8,35  280.7,38  543.7
Kenya,  667.9,  686.7,  692.7,  694.7,  699.0,  732.0,  742.6,  795.6,  807.0,  820.8,  931.7,  937.0,  964.6,1  046.4,1  092.4,1  113.7,1  986.3,3  599.6,3  525.9,4  837.7,4  967.1,5  436.7,4  377.1,5  266.8,5  902.9,5  756.6,6  151.6,6  738.7,8  545.8,9  292.8,9  796.3,9  812.9,9  691.6,11  195.9
Madagascar,  106.8,  120.4,  141.6,  156.9,  162.6,  172.4,  182.5,  196.3,  212.4,  270.8,  140.8,  142.6,  180.5,  259.0,  256.6,  245.7,  738.8,1  773.4,2  786.9,3  947.8,4  382.7,4  914.7,5  729.6,6  378.0,7  089.4,5  976.5,6  224.6,7  073.9,6  707.4,5  698.2,4  100.6,3  791.9,4  120.1,4  534.6
Mauritius,  167.8,  185.1,  199.8,  214.6,  234.6,  253.3,  289.9,  345.2,  357.4,  406.7,  683.5,  657.8,  689.9,  752.0,  763.2,  804.7,  910.0,1  249.1,1  632.0,3  016.1,4  658.4,2  998.6,3  218.0,4  344.6,4  180.1,4  363.9,4  616.5,5  221.6,5  489.8,5  780.4,5  630.4,5  355.4,5  894.5,6  418.5
Seychelles,  212.9,  237.8,  230.7,  249.1,  294.9,  346.2,  365.8,  408.9,  435.7,  497.5,  515.2,  580.0,  627.6,  686.0,  723.5,  809.4,  954.9,1  136.4,2  899.5,2  939.6,2  959.8,2  976.6,3  019.1,3  049.8,3  085.2,2  552.4,2  707.6,2  502.0,2  430.9,2  467.7,2  679.1,2  904.9,3  117.0,3  354.2
Somalia,-  2.0,-  2.2,-  2.3,-  0.3,  0.8,  1.8,  3.1,  4.2,  4.2,  3.4,  3.7,  3.7,  3.8,  3.0,-  1.8,  22.2,  118.2,  259.2,  346.2,  454.2,  566.2,  668.2,  775.5,1  033.5,1  294.5,1  597.5,1  927.5,2  296.5,2  704.5,3  151.5,3  685.5,4  286.5,4  922.5,5  599.5
Uganda,  6.0,  7.0,  10.0,  64.5,  152.7,  277.2,  317.2,  458.7,  591.3,  666.9,  807.1,  958.6,1  146.9,1  349.1,1  644.6,2  024.4,2  668.6,3  460.9,4  189.8,5  031.4,5  575.2,6  469.5,7  674.9,8  770.9,9  829.5,10  369.1,10  273.0,11  531.7,13  315.2,14  084.2,13  357.9,15  031.6,16  631.2,19  517.2
United Republic of Tanzania,  387.8,  387.8,  399.8,  419.8,  469.8,  619.8,  681.4,  760.0,1  714.7,1  989.1,2  780.9,2  867.2,2  939.3,3  590.3,3  954.3,4  438.8,4  827.2,5  950.1,6  945.6,7  898.6,9  712.0,10  941.4,12  740.9,10  851.4,11  897.4,12  572.6,12  839.2,13  499.6,14  555.6,15  546.2,16  490.0,17  522.9,18  634.4,19  973.2
Southern Africa,17  194.4,19  018.6,19  913.3,19  742.0,22  156.4,25  751.9,24  067.5,28  635.6,29  704.2,69  127.1,62  207.7,54  797.8,59  231.1,86  171.3,114  272.9,128  049.7,139  535.5,167  756.4,121  915.4,179  294.1,235  365.4,232  414.8,241  934.3,231  157.2,218  142.0,219  438.5,237  906.3,264  173.3,244  197.5,249  504.9,238  475.2,284  707.2,279  353.9,234  099.5
Angola,1  024.7,1  688.8,1  976.8,2  278.8,2  448.9,2  920.9,3  101.5,3  513.1,4  627.1,7  098.5,7  977.1,10  122.6,11  866.1,15  443.1,17  640.3,16  336.5,16  298.8,15  405.4,17  084.4,19  289.7,32  457.9,43  275.2,41  810.6,34  690.6,25  478.6,32  311.6,29  184.1,29  436.3,22  716.5,18  879.1,21  595.1,20  860.8,14  262.1,12  176.6
Botswana,1  309.3,1  301.1,1  299.6,1  012.6,  998.5,1  126.4,1  058.1,1  172.9,1  294.8,1  387.3,1  826.7,1  388.5,  854.1,1  167.2,1  640.0,1  664.1,1  991.6,2  505.7,2  474.4,3  011.9,3  350.6,4  113.5,3  538.3,3  683.6,3  862.4,3  612.2,5  041.8,5  228.2,5  172.7,5  453.9,5  733.4,5  010.9,5  194.5,5  409.8
Eswatini,  335.7,  399.1,  437.3,  462.2,  506.1,  535.4,  437.6,  406.6,  480.8,  557.9,  536.0,  353.1,  613.2,  725.1,  931.8,  786.2,  831.0,  889.3,  541.9,  809.0,  926.7,  907.0,  922.4,  769.8,  616.4,  520.9,  847.6,  925.0,  812.7,  975.4,  962.8,1  096.4,  965.8,  895.8
Lesotho,  82.6,  89.9,  97.5,  112.9,  155.4,  178.8,  206.9,  238.6,  265.4,  298.1,  329.6,  357.8,  384.7,  426.6,  479.9,  192.9,  128.5,  486.7,  445.6,  846.9,  928.6,  697.0,  434.0,  617.6,  615.3,  571.9,1  124.1,1  093.8,1  138.7,1  156.6,1  129.0,1  023.6,  958.0,  851.2
Malawi,  227.6,  198.9,  191.8,  199.8,  224.8,  230.4,  246.2,  260.3,  273.2,  331.7,  357.7,  381.2,  344.9,  248.5,  408.5,  553.2,  828.4,1  410.1,1  886.1,  940.8,  962.8,1  921.8,1  275.8,  534.2,  761.8,  713.7,1  114.5,1  306.1,1  376.7,1  453.5,1  556.5,1  631.9,1  483.6,1  691.9
Mozambique,  24.8,  47.3,  72.6,  104.6,  139.6,  356.5,  429.0,  493.4,  728.3,1  110.0,1  249.2,1  504.6,1  851.9,2  188.6,2  441.5,2  578.1,2  551.3,2  961.2,3  491.5,3  609.3,4  331.3,7  722.3,13  490.8,19  947.1,24  918.9,29  275.6,35  715.4,38  034.5,40  712.2,42  893.0,46  279.8,50  067.6,54  597.4,57  280.9
Namibia,2  046.8,2  114.8,2  141.8,1  490.8,1  601.2,1  707.7,1  472.9,1  582.7,1  444.4,1  512.6,1  276.3,  715.0,1  822.5,2  951.9,4  120.4,2  453.4,2  785.8,3  854.5,3  542.6,2  780.4,3  595.5,3  792.6,3  303.2,3  447.1,3  287.0,5  221.4,6  230.7,7  241.4,6  906.2,6  827.5,7  046.6,7  190.7,7  746.7,9  135.8
South Africa,9  210.4,10  209.1,10  662.3,10  694.3,12  614.9,15  014.1,13  235.7,16  736.1,15  676.1,51  771.9,43  451.0,34  695.4,35  885.0,57  060.7,80  278.2,96  693.3,106  929.0,131  831.1,83  648.8,138  750.8,179  564.8,159  390.1,163  510.1,152  123.5,138  905.6,126  755.5,135  453.5,156  353.0,138  561.6,145  246.5,133  126.6,174  783.0,172  209.5,124  024.9
Zambia,2  655.5,2  689.8,2  734.8,3  049.2,3  089.2,3  186.2,3  303.3,3  520.3,3  758.3,3  844.3,3  966.0,4  037.7,4  341.1,4  688.1,5  052.1,5  409.0,5  768.1,6  920.6,7  256.5,7  606.7,7  432.5,8  393.7,11  047.5,12  342.2,16  149.3,16  488.2,18  855.1,19  866.5,21  366.6,20  906.0,15  137.9,16  884.7,15  383.6,15  491.7
Zimbabwe,  277.1,  279.9,  298.9,  336.9,  377.9,  495.6,  576.5,  711.6,1  155.9,1  214.9,1  238.1,1  241.9,1  267.8,1  271.6,1  280.3,1  383.1,1  423.1,1  492.0,1  543.6,1  648.6,1  814.6,2  201.6,2  601.6,3  001.6,3  546.6,3  967.6,4  339.6,4  688.6,5  433.6,5  713.6,5  907.6,6  157.6,6  552.7,7  141.1
West Africa,14  012.5,15  373.3,16  763.8,18  882.7,21  670.2,23  523.0,26  128.6,28  803.5,29  977.6,30  789.3,33  009.7,34  624.8,38  116.0,42  150.6,46  091.4,41  940.6,49  496.5,59  645.4,69  430.9,86  708.3,106  590.3,126  293.3,159  133.5,186  767.4,214  106.3,217  729.8,165  351.8,164  115.2,168  589.2,181  809.4,195  722.1,202  786.0,210  528.7,210  813.9
Benin,-  172.6,-  51.8,  25.7,  27.1,  40.8,  48.8,  62.3,  46.9,  67.0,  73.5,  213.2,  173.8,  176.3,  231.2,  269.0,  284.3,  384.5,  556.3,  602.4,  762.8,  604.1,  734.9,1  038.5,1  459.7,1  655.9,1  631.8,1  705.4,2  153.6,2  244.3,2  420.9,2  831.4,2  944.6,3  153.9,3  710.8
Burkina Faso,  38.7,  39.2,  42.4,  45.5,  63.9,  73.7,  89.9,  99.7,  104.1,  15.8,  27.8,  15.9,  23.3,  51.9,  48.8,  75.4,  169.6,  559.5,  325.6,  571.4,  353.9,  646.9,  997.8,1  552.2,1  692.2,1  745.0,2  061.5,2  348.2,2  502.1,2  618.4,2  750.1,2  461.7,2  997.5,3  192.7
Cabo Verde,  3.8,  5.5,  6.0,  9.6,  11.8,  37.9,  66.5,  78.1,  86.8,  148.4,  191.9,  204.5,  243.1,  276.6,  326.0,  360.1,  539.1,  807.4,  962.1,1  176.6,1  366.8,1  477.6,6  272.8,6  999.6,6  730.2,6  564.3,6  710.2,8  171.8,2  109.6,2  183.7,2  469.7,2  360.1,2  345.8,2  571.9
Côte d'Ivoire,  975.4,  994.0,1  063.0,1  238.2,1  355.7,1  567.5,1  836.7,2  252.1,1  858.2,1  905.1,2  483.2,2  620.4,3  355.0,4  225.7,4  867.7,4  511.7,5  371.6,6  463.2,6  534.1,7  154.8,6  978.2,7  038.0,7  515.9,8  279.2,7  690.2,7  381.0,7  696.7,9  792.1,9  950.1,10  701.3,12  456.8,12  815.5,13  690.7,15  974.3
Gambia,  156.6,  158.2,  160.3,  168.9,  177.7,  184.7,  193.6,  200.1,  211.4,  219.6,  216.0,  220.9,  263.8,  278.7,  327.8,  372.5,  443.7,  333.2,  328.3,  283.2,  322.8,  366.0,  375.3,  374.6,  339.8,  399.3,  359.9,  378.3,  430.3,  501.4,  691.3,  939.8,1  175.8,1  384.2
Ghana,  319.3,  339.3,  361.8,  486.8,  719.8,  826.3,  946.3,1  028.1,1  195.5,1  439.2,1  554.1,1  643.4,1  702.3,1  812.3,1  951.6,2  144.6,2  579.6,3  434.9,4  655.3,7  552.3,10  079.7,13  327.3,16  621.8,19  848.1,23  205.1,26  397.4,29  882.7,33  137.7,36  126.8,40  006.6,41  882.4,44  495.2,46  006.1,47  360.4
Guinea,  68.8,  107.6,  127.3,  130.0,  130.2,  131.0,  154.8,  172.1,  189.9,  253.4,  263.3,  265.0,  295.0,  377.8,  475.7,  580.7,  705.7,1  091.6,  243.9,  384.7,  486.1,1  442.2,1  884.2,2  018.1,2  091.9,2  145.2,3  763.6,4  341.2,4  694.0,4  738.4,4  914.7,5  112.3,5  251.8,6  144.9
Guinea-Bissau,  8.0,  10.1,  15.9,  19.2,  19.6,  19.7,  20.7,  32.2,  36.6,  37.3,  38.0,  38.4,  42.0,  46.0,  47.6,  5.9,  1.3,  9.8,  15.7,  13.7,  62.5,  83.9,  92.3,  116.9,  129.3,  134.2,  152.8,  190.5,  201.8,  269.9,  317.4,  310.7,  326.2,  362.2
Liberia,2  731.6,2  740.0,2  729.1,2  675.5,2  692.9,2  697.5,2  565.4,2  779.2,2  969.5,3  225.8,3  246.6,3  254.9,3  257.7,3  629.9,3  705.2,3  788.0,3  895.9,4  027.5,4  227.5,6  719.9,10  205.6,8  005.4,10  439.5,8  843.5,7  598.9,7  879.7,8  191.4,8  439.2,8  568.4,8  655.1,9  393.0,9  928.6,10  888.8,11  633.4
Mali,  229.4,  230.6,  208.7,  212.9,  230.3,  341.7,  385.1,  454.8,  309.9,  228.1,  132.4,  210.4,  524.2,  682.6,  756.4,  871.6,  965.6,  966.7,  977.6,1  882.8,1  963.6,2  419.1,2  875.3,3  325.2,3  059.1,3  013.5,3  257.2,4  303.8,4  562.0,5  199.1,6  257.1,6  387.9,6  741.5,7  697.4
Mauritania,  59.2,  61.4,  68.4,  85.2,  88.1,  94.9,  94.5,  91.1,  90.8,  106.0,  146.0,  222.7,  290.1,  392.0,  796.1,1  608.0,1  762.6,1  902.0,2  244.8,2  241.7,2  372.2,2  961.0,4  349.6,5  475.2,5  976.3,6  478.4,  189.3,  785.6,1  522.5,2  354.9,3  340.4,4  440.8,5  825.4,6  702.5
Niger,  286.4,  301.6,  358.0,  323.6,  312.3,  326.8,  329.1,  345.7,  344.5,  38.5,  45.4,  61.5,  70.0,  78.8,  115.2,  100.0,  161.1,  276.6,  623.8,1  404.3,2  251.2,3  171.9,4  098.3,5  030.7,5  180.9,5  165.4,5  288.2,6  376.2,6  539.3,7  135.6,8  182.6,8  122.0,8  628.4,9  926.2
Nigeria,8  538.6,9  662.5,10  819.2,12  697.3,14  984.7,16  255.8,18  446.4,20  088.9,21  299.0,22  476.7,23  786.4,25  063.8,27  104.0,29  275.4,31  402.5,26  345.0,31  242.8,37  329.5,45  578.2,54  227.7,66  796.5,80  138.7,97  514.1,118  114.2,142  816.3,142  753.1,90  002.3,75  510.4,80  392.2,84  627.3,87  012.6,87  525.4,86  239.4,73  374.8
Senegal,  258.3,  250.9,  272.4,  271.7,  338.5,  373.6,  379.0,  555.9,  616.2,  329.4,  294.6,  194.3,  241.6,  346.6,  441.2,  358.2,  477.1,  838.6,1  170.6,1  543.2,1  699.3,1  960.4,2  282.6,2  709.2,3  378.6,3  431.1,3  771.9,4  916.0,5  515.5,6  480.6,9  066.1,10  846.0,13  184.3,16  357.9
Sierra Leone,  243.1,  250.6,  245.0,  237.6,  234.7,  242.0,  242.7,  244.5,  244.6,  245.1,  284.0,  293.8,  304.2,  312.8,  374.0,  299.9,  453.0,  612.1,  490.9,  272.9,  482.2,1  310.7,1  417.4,1  010.7,1  094.7,1  042.1,  844.1,1  498.9,1  716.7,2  084.4,2  219.5,2  437.8,2  687.8,2  950.7
Togo,  268.0,  273.6,  260.5,  253.6,  269.1,  301.2,  315.6,  334.1,  353.6,  47.5,  86.8,  141.1,  223.6,  132.4,  186.7,  234.7,  343.2,  436.5,  450.2,  516.3,  565.5,1  209.4,1  358.1,1  610.2,1  466.9,1  568.4,1  474.5,1  771.6,1  513.6,1  831.9,1  937.2,1  657.6,1  385.3,1  469.5
Asia,334  499.4,355  493.2,385  159.9,439  450.4,486  925.2,557  497.0,652  911.2,699  658.5,737  742.2,964  851.5,1023  690.3,1030  397.6,997  279.8,1148  667.7,1323  899.4,1572  927.4,2054  412.8,2896  744.1,2647  911.7,3178  349.7,3878  998.0,4167  334.6,4830  394.5,5202  474.2,5748  160.0,6066  874.2,6440  150.0,7413  224.4,7698  643.4,8157  738.6,8767  204.9,10889  510.0,11052  894.1,11674  476.8
East and South-East Asia,296  534.6,315  033.1,340  636.6,390  445.5,432  699.5,494  808.9,579  435.9,614  108.7,642  965.3,864  458.4,908  302.3,903  649.0,852  994.0,961  191.1,1091  049.1,1251  302.6,1613  609.1,2276  348.8,2002  899.6,2342  530.0,2888  852.4,3150  047.3,3674  445.2,4041  699.0,4477  300.9,4757  224.5,5049  538.2,5887  828.9,6186  821.0,6567  612.5,7020  388.4,9145  036.9,9210  207.5,9845  585.3
East Asia,234  894.4,241  576.8,257  339.0,292  710.5,312  495.7,347  227.0,386  546.1,426  115.1,423  276.8,617  460.4,650  699.7,644  682.7,567  629.8,635  830.7,717  766.5,817  537.6,1055  946.3,1536  138.4,1221  377.0,1447  905.0,1738  193.4,1871  679.9,2172  365.5,2416  860.8,2697  612.8,2927  696.3,3101  757.0,3568  995.6,3733  365.7,3802  951.7,3944  030.5,5788  189.4,5704  180.1,5976  425.3
China,20  690.6,25  057.0,36  064.5,63  579.4,74  151.0,101  098.0,128  069.0,153  995.0,175  156.0,186  189.0,193  348.0,203  142.0,216  503.0,228  371.0,245  467.0,272  094.0,292  559.0,327  087.0,378  083.0,472  148.0,586  882.0,710  867.0,831  940.0,955  851.0,1084  353.0,1219  930.0,1353  641.0,1489  956.0,1628  261.0,1769  486.0,1918  828.0,3633  317.0,3496  379.6,3659  633.0
Democratic People’s Republic of Korea,  7.0,  9.4,  15.1,  21.0,  21.2,  21.2,  23.3,  22.8,  82.7,  79.8,  77.0,  57.2,  62.8,  120.0,  184.9,  179.0,-  56.8,-  34.8,  136.2,  222.5,  236.1,  339.2,  544.5,  664.2,  728.3,  806.5,  895.8,  883.0,  884.9,  914.8,  921.2,  939.3,  949.3,  962.6
Mongolia,  0.1,  11.3,  13.3,  21.0,  27.9,  37.7,  53.6,  78.6,  97.5,  127.9,  181.6,3  187.0,3  265.4,3  405.8,3  492.6,3  697.1,3  953.1,4  404.1,5  216.7,6  276.9,8  444.7,13  332.7,17  668.4,19  579.3,20  247.0,20  696.3,16  277.5,18  019.9,20  223.0,22  556.0,24  206.7,26  281.8,28  521.5,30  696.6
"Hong Kong, China",201  652.9,202  673.7,206  561.2,213  490.8,221  318.8,227  532.1,237  992.3,249  360.4,225  078.2,405  266.0,435  417.1,401  186.7,315  063.3,363  680.4,427  052.4,493  894.7,703  563.2,1147  889.3,783  257.3,904  300.0,1067  520.0,1078  748.8,1244  646.3,1352  021.7,1496  082.7,1591  627.4,1626  013.4,1943  917.1,1963  319.6,1867  697.3,1851  463.7,1957  365.5,2008  152.7,2107  038.4
"Macao, China",2  808.7,2  819.4,2  799.9,2  796.3,2  799.8,2  802.0,2  808.0,2  810.3,2  792.4,2  801.8,2  801.0,2  960.8,3  221.3,3  561.5,3  891.5,5  041.8,6  636.9,9  126.8,10  532.8,10  522.5,13  602.6,14  899.1,19  203.4,24  511.7,28  296.8,29  302.2,30  981.3,33  830.7,35  911.1,43  745.5,37  864.9,43  221.8,45  737.2,47  954.7
Taiwan Province of China,9  735.0,11  006.0,11  885.0,12  802.0,14  177.0,15  736.0,17  600.0,19  848.0,20  070.0,22  996.0,18  875.0,34  149.0,29  514.0,36  692.0,37  678.0,42  631.0,49  291.0,47  666.0,44  151.0,54  435.0,61  508.0,53  493.0,58  363.0,64  233.0,67  905.0,65  334.0,73  948.0,82  389.0,84  766.0,98  552.0,110  746.0,127  064.0,124  440.0,130  140.0
South-East Asia,61  640.2,73  456.3,83  297.7,97  735.0,120  203.9,147  581.9,192  889.8,187  993.7,219  688.5,246  998.0,257  602.6,258  966.2,285  364.2,325  360.4,373  282.6,433  765.1,557  662.8,740  210.3,781  522.6,894  625.0,1150  659.0,1278  367.5,1502  079.7,1624  838.2,1779  688.1,1829  528.2,1947  781.2,2318  833.3,2453  455.4,2764  660.8,3076  357.9,3356  847.5,3506  027.3,3869  160.0
Brunei Darussalam,  33.1,  38.1,  45.1,  53.1,  59.0,  641.8,1  295.4,1  997.1,2  570.4,3  318.2,3  867.8,4  394.3,5  429.8,1  629.5,1  835.1,2  124.6,2  558.6,2  818.8,3  141.4,3  511.5,4  140.1,4  837.4,5  661.6,6  250.7,6  218.9,6  060.9,5  739.3,6  560.9,6  645.9,7  127.0,7  589.0,7  301.7,6  797.8,6  753.2
Cambodia,  37.7,  37.7,  70.7,  124.9,  193.8,  355.9,  941.8,  956.4,1  199.2,1  431.4,1  579.9,1  729.3,1  874.4,1  958.4,2  089.8,2  471.0,2  954.2,3  062.9,3  939.8,4  924.5,9  025.7,11  431.3,14  295.6,17  292.7,20  065.6,21  901.1,24  376.6,27  048.6,30  369.9,33  987.3,36  902.7,41  025.2,44  537.1,48  419.9
Indonesia,8  732.5,10  214.5,12  013.5,14  016.5,16  207.5,20  626.5,26  871.5,31  600.5,31  393.5,29  555.5,25  060.5,15  203.3,7  103.2,10  328.2,15  857.9,41  187.0,54  534.0,79  927.0,72  228.0,108  796.0,160  735.1,184  803.7,211  634.5,230  799.1,217  486.8,222  409.6,249  859.4,231  492.1,225  719.9,235  347.9,240  564.3,259  697.4,264  034.0,285  690.4
Lao People's Democratic Republic,  12.6,  19.5,  27.3,  57.2,  116.4,  211.5,  371.3,  457.6,  502.9,  554.5,  588.3,  612.2,  616.7,  636.1,  653.1,  680.8,  868.2,1  191.7,1  419.4,1  608.9,1  887.7,2  188.5,2  806.3,3  487.7,4  355.3,5  433.1,6  368.4,8  054.6,9  412.6,10  168.2,11  135.9,12  207.8,12  736.0,14  404.2
Malaysia,10  318.0,12  440.2,16  859.9,20  590.8,22  915.6,28  730.6,36  027.6,42  350.6,45  064.6,48  959.9,52  747.5,33  971.8,37  542.4,41  187.9,43  046.8,44  459.5,53  709.8,75  762.6,73  601.3,78  994.6,101  620.2,115  063.9,132  656.3,136  028.3,135  798.0,116  744.4,122  029.9,146  601.9,154  576.0,168  058.8,170  682.4,187  257.4,199  205.9,201  736.4
Myanmar,  285.2,  520.3,  669.3,  761.0,  896.2,1  213.8,1  794.5,2  673.3,3  356.9,3  660.9,3  752.0,3  767.3,3  785.0,5  640.2,6  370.1,6  480.4,7  204.7,7  206.9,7  810.3,7  837.4,14  506.9,15  624.5,16  121.4,16  705.7,17  651.9,20  475.9,23  405.5,27  814.4,30  706.4,33  215.2,35  122.4,37  189.0,38  427.5,39  947.7
Philippines,3  267.9,3  683.2,4  011.2,4  389.0,5  270.9,6  729.9,8  249.9,9  498.9,11  251.0,12  429.0,13  762.0,10  385.0,11  565.0,11  411.0,12  737.0,14  978.0,16  914.0,20  463.0,21  746.0,22  931.0,25  896.0,30  995.4,36  458.9,47  276.1,56  646.3,58  521.9,64  507.5,79  016.3,82  996.7,94  593.2,103  394.1,111  525.7,109  622.2,118  985.1
Singapore,30  468.0,35  590.1,36  206.9,41  643.2,54  880.4,65  644.2,89  494.0,74  768.3,86  839.6,102  533.5,110  570.3,138  774.8,161  225.5,183  968.4,216  323.1,237  506.8,313  809.5,421  667.5,459  471.0,506  830.9,633  353.6,689  455.3,829  263.4,897  610.1,1028  270.7,1091  560.6,1144  869.3,1423  097.0,1522  629.6,1739  024.6,2003  723.9,2224  171.2,2326  997.6,2632  364.3
Thailand,8  242.2,10  294.6,12  301.6,14  081.0,15  701.3,17  684.4,19  705.6,13  332.8,25  481.3,31  114.0,30  944.0,34  097.9,38  778.0,49  702.0,53  861.0,61  413.3,80  237.7,96  248.2,96  636.3,110  061.1,142  334.3,159  238.7,180  046.5,187  312.6,201  886.7,183  279.5,190  888.5,239  317.5,245  047.9,281  363.4,289  647.4,283  147.5,292  205.4,290  869.8
Timor-Leste,  0.0,  0.0,  0.0,  0.0,  0.0,  0.0,  0.0,  0.0,  0.0,  0.0,  0.0,  0.0,  13.8,  18.3,  18.3,  19.2,  27.7,  36.4,  124.7,  124.7,  155.1,  205.3,  243.9,  283.8,  316.5,  350.0,  345.7,  338.6,  359.2,  664.0,  684.5,  753.4,  992.5,1  017.7
Viet Nam,  242.9,  618.1,1  092.1,2  018.4,3  962.9,5  743.3,8  138.3,10  358.3,12  029.3,13  441.3,14  730.3,16  030.3,17  430.3,18  880.3,20  490.3,22  444.3,24  844.3,31  825.3,41  404.3,49  004.3,57  004.3,64  523.3,72  891.3,81  791.3,90  991.3,102  791.3,115  391.3,129  491.3,144  991.3,161  111.3,176  911.3,192  571.3,210  471.3,228  971.3
South Asia,6  795.1,7  138.3,8  075.2,9  013.4,11  447.9,15  320.1,19  846.3,24  700.3,28  026.4,28  942.9,30  742.9,33  978.8,44  724.6,56  127.8,65  767.7,77  475.5,112  386.3,162  409.2,175  683.4,227  042.4,269  143.0,276  950.4,305  617.6,314  558.9,354  972.2,390  923.8,439  656.8,504  063.4,514  016.4,555  589.1,613  253.0,653  444.6,643  370.7,675  575.5
Afghanistan,  11.8,  11.5,  11.9,  11.8,  11.9,  11.8,  12.5,  11.0,  11.0,  17.0,  17.2,  17.9,  67.9,  125.7,  312.6,  583.6,  821.6,1  010.3,  678.3,  771.8,  962.6,1  014.7,1  057.5,1  104.7,1  141.4,1  293.3,1  393.1,1  447.8,1  556.9,1  575.9,1  592.1,1  612.7,1  612.7,1  612.7
Bangladesh,  477.5,  478.9,  482.6,  496.6,  507.8,  600.1,  831.7,1  407.0,1  833.0,1  890.6,2  161.8,2  202.2,2  450.7,2  876.0,3  090.7,3  537.2,4  187.2,4  398.8,4  816.0,5  278.9,6  072.1,6  165.8,7  750.2,8  593.5,10  028.8,12  912.1,14  539.3,14  557.2,17  061.6,17  785.0,19  394.8,21  581.9,20  755.1,20  549.2
Bhutan,  2.0,  2.6,  2.6,  2.6,  2.6,  2.7,  4.1,  3.4,  3.4,  4.4,  4.4,  4.4,  6.5,  9.0,  12.5,  21.6,  16.4,  20.4,  21.8,  33.1,  203.7,  251.6,  392.5,  601.5,  685.2,  695.9,  613.7,  516.5,  527.8,  580.4,  553.7,  414.3,  419.4,  437.7
India,1  656.8,1  731.8,1  983.8,2  515.8,3  489.8,5  640.8,8  165.8,9  719.5,13  076.9,15  051.8,16  339.0,19  675.9,25  826.3,32  549.2,38  060.2,43  201.6,70  870.3,105  790.5,125  211.7,171  217.9,205  580.2,206  354.3,224  985.3,226  548.8,253  120.0,282  616.8,318  319.7,377  246.4,386  168.8,426  959.0,480  127.4,514  130.0,510  703.4,536  930.2
"Iran, Islamic Republic of",2  039.5,2  062.1,2  070.6,2  278.1,2  278.4,2  287.2,2  307.7,2  350.7,2  388.3,2  403.9,2  597.5,3  681.9,7  201.3,10  078.8,13  116.1,16  005.3,18  322.8,20  340.6,22  320.6,25  304.0,28  953.0,33  229.7,37  891.5,40  941.4,43  046.9,45  096.9,48  468.9,53  487.9,55  860.9,57  368.9,58  710.9,60  135.9,61  635.9,63  058.2
Maldives,  25.0,  31.5,  38.1,  45.0,  53.7,  60.9,  70.2,  81.7,  93.2,  105.5,  127.7,  148.2,  172.9,  204.7,  257.6,  330.8,  426.1,  558.5,  739.7,  897.7,1  114.2,1  537.7,1  765.7,2  126.5,2  459.9,2  757.8,3  214.5,3  672.3,4  247.9,5  204.1,5  552.4,5  995.9,6  717.8,7  479.3
Nepal,  11.6,  13.8,  13.8,  13.8,  13.8,  13.8,  33.0,  56.0,  68.0,  72.4,  71.9,  116.2,  110.2,  112.0,  111.6,  114.1,  107.4,  113.3,  114.3,  152.9,  239.5,  335.0,  563.5,  592.5,  767.1,1  067.2,1  294.6,1  587.5,1  921.4,1  620.5,1  706.8,1  933.9,2  187.4,2  067.3
Pakistan,1  891.7,2  059.9,2  603.0,2  586.3,3  860.1,5  408.1,6  993.6,9  210.3,8  541.9,7  185.5,6  918.6,5  545.2,6  110.1,7  195.0,7  606.0,10  209.0,13  682.0,25  621.0,16  473.0,17  674.0,19  828.2,20  916.1,23  124.8,25  090.6,33  151.1,34  462.2,41  968.4,40  792.8,34  095.7,31  429.8,31  959.7,31  255.9,25  291.9,28  610.2
Sri Lanka,  679.3,  746.3,  868.9,1  063.4,1  229.8,1  294.8,1  427.8,1  860.8,2  010.8,2  211.8,2  504.9,2  586.7,2  778.7,2  977.4,3  200.4,3  472.4,3  952.4,4  555.8,5  308.0,5  712.0,6  189.6,7  145.6,8  086.7,8  959.5,10  571.8,10  021.5,9  844.6,10  754.9,12  575.2,13  065.4,13  655.1,16  384.1,14  047.0,14  830.7
West Asia,31  169.7,33  321.8,36  430.0,38  556.1,40  456.5,43  767.4,48  628.6,54  152.3,58  560.6,61  491.4,72  351.9,77  380.0,81  194.3,110  465.7,140  791.9,214  206.6,289  985.9,405  639.0,399  688.7,520  843.1,619  425.2,608  242.0,700  531.9,687  600.4,745  462.3,741  641.6,759  542.2,823  840.1,793  964.7,825  562.0,923  439.5,877  513.1,982  875.2,931  256.7
Armenia,  8.7,  28.3,  30.7,  31.5,  40.7,  66.0,  83.6,  103.4,  103.4,  421.4,  513.1,  579.8,  684.5,  795.3,1  039.2,1  382.8,1  879.8,2  586.3,3  642.8,3  734.4,4  404.7,5  241.2,5  287.2,5  490.7,4  213.0,4  338.3,4  635.4,4  755.0,5  527.1,5  520.9,5  229.0,5  629.4,7  123.8,7  498.5
Azerbaijan,  0.0,  0.0,  0.0,  0.0,  0.0,  330.1,  957.0,2  089.0,3  095.0,3  605.3,1  791.0,2  018.0,3  410.0,6  695.0,10  251.0,11  930.0,19  098.7,18  514.7,13  765.7,13  779.7,14  252.7,14  815.7,16  280.7,18  285.3,22  117.3,27  419.9,31  900.5,34  679.9,36  158.2,37  647.8,38  548.8,36  959.7,32  503.0,32  745.4
Bahrain,  551.6,1  171.0,2  039.7,1  764.6,1  972.9,2  403.5,4  451.6,4  780.8,4  960.4,5  414.1,5  905.8,5  986.2,6  203.2,6  719.9,7  354.0,8  276.0,11  190.7,12  103.7,14  741.2,14  998.1,15  154.0,22  331.3,23  876.0,27  603.7,25  747.1,25  812.3,26  055.3,27  481.5,29  135.6,30  683.8,31  705.2,33  484.3,36  244.7,43  084.3
Georgia,  0.0,  0.0,  0.0,  18.1,  26.1,  32.1,  67.7,  246.3,  511.7,  631.0,  762.2,  878.7,1  049.4,1  395.3,1  913.3,2  395.8,3  599.1,5  448.3,6  917.7,7  597.8,8  518.0,9  767.4,10  724.6,11  904.1,13  463.8,13  771.7,15  188.3,18  024.3,18  406.7,19  406.9,18  653.8,19  399.0,22  328.6,24  353.9
Iraq,-  63.1,-  55.4,-  55.3,-  54.5,-  54.5,-  54.5,-  56.5,-  55.4,-  48.0,-  48.0,-  48.0,-  54.7,-  55.0,  945.0,1  245.0,1  760.3,2  143.3,3  115.1,4  970.8,6  569.1,7  965.3,9  847.6,13  248.0,10  912.7,  736.3,  0.0,  0.0,  0.0,  0.0,  0.0,  0.0,  0.0,  0.0,  0.0
Jordan,1  367.5,1  355.6,1  396.3,1  362.8,1  365.6,1  379.0,1  394.5,1  755.4,2  065.4,2  221.8,3  135.1,3  428.2,3  964.0,5  004.2,8  315.7,13  228.8,12  713.1,19  012.7,20  405.8,20  761.4,21  898.6,23  384.6,24  933.1,26  945.9,29  059.4,30  628.5,32  162.5,34  250.4,35  114.1,35  760.1,36  589.9,37  305.1,38  495.8,39  534.1
Kuwait,  37.5,  38.3,  73.6,  86.9,  86.9,  93.6,  440.9,  460.9,  519.9,  592.2,  608.5,  428.7,  444.3,  383.8,  407.5,  645.2,  773.3,  945.4,8  721.6,10  231.3,11  883.5,15  176.0,18  144.3,16  097.2,15  732.9,14  620.5,14  968.3,15  207.1,14  601.0,15  150.6,14  951.9,14  034.8,15  091.0,16  648.3
Lebanon,  53.1,  54.8,  73.2,  80.6,  103.2,  138.2,  218.2,2  017.8,3  152.7,4  024.4,14  233.0,15  686.9,17  022.8,19  882.8,22  366.5,25  688.0,28  819.7,32  195.7,36  197.7,40  576.7,44  285.0,47  422.1,50  533.4,53  194.5,56  057.0,58  216.3,60  784.8,63  307.2,65  965.2,67  870.5,69  477.4,70  077.2,70  604.1,71  259.5
Oman,1  723.0,1  858.2,1  962.5,2  104.5,2  181.0,2  227.3,2  287.9,2  352.9,2  454.3,2  493.3,2  576.5,2  581.7,2  703.7,2  728.7,2  839.7,4  377.7,5  974.7,9  306.7,12  258.7,13  743.7,14  986.9,16  739.8,18  105.3,19  717.7,21  005.1,18  833.5,21  098.8,28  541.0,34  494.1,39  175.6,41  841.4,45  844.0,51  323.8,56  069.2
Qatar,  62.8,  105.3,  144.9,  216.9,  348.8,  442.4,  781.2,1  199.6,1  546.9,1  660.1,1  911.7,2  207.2,2  831.1,3  456.1,4  655.0,7  155.0,10  655.0,15  355.0,17  768.9,25  893.6,30  549.5,30  357.1,30  714.3,29  873.9,39  615.4,38  626.4,36  456.0,35  522.0,33  873.6,31  061.0,28  627.1,27  533.7,27  609.8,27  135.6
Saudi Arabia,15  193.0,15  358.0,15  608.0,15  788.0,16  478.0,17  056.0,17  120.0,17  177.0,17  271.0,17  394.0,17  577.0,17  281.0,17  734.0,18  512.0,20  454.0,33  535.0,50  659.0,73  479.7,112  935.5,148  088.8,176  377.9,186  758.1,199  032.1,207  897.0,215  908.7,224  049.8,231  502.3,227  566.4,231  813.5,236  376.1,241  775.2,261  060.9,268  947.1,215  523.7
Syrian Arab Republic,  154.0,  208.0,  265.0,  325.0,  390.0,  460.0,  549.0,  629.0,  711.0,  974.0,1  244.0,1  354.0,1  469.0,1  629.0,1  949.0,2  532.0,3  191.0,4  433.0,5  898.6,8  469.5,9  938.7,10  742.9,10  742.9,10  742.9,10  742.9,10  742.9,10  742.9,10  742.9,10  742.9,10  742.9,10  742.9,10  742.9,10  742.9,10  742.9
Türkiye,11  150.3,11  960.3,12  804.3,13  440.3,14  048.3,14  933.3,15  655.3,16  460.3,17  400.3,18  183.3,18  812.0,20  316.0,18  826.0,33  239.0,38  632.0,71  429.0,95  472.0,155  676.0,81  328.0,144  700.0,188  308.0,137  970.0,192  189.0,152  465.0,183  715.0,158  676.0,149  468.0,196  875.0,145  149.0,160  456.0,229  742.0,138  961.0,202  503.0,156  537.0
United Arab Emirates,  751.0,  776.9,  906.6,1  307.9,1  370.4,1  770.3,2  070.8,2  303.2,2  560.9,1  575.5,1  069.2,2  253.0,2  348.3,6  604.3,16  607.8,27  507.7,40  313.7,48  874.7,53  937.7,55  072.0,63  868.8,71  020.9,80  576.8,90  336.3,101  419.9,109  968.5,119  054.0,121  645.2,127  914.5,131  011.6,150  896.0,171  563.1,194  299.7,224  987.2
Yemen,  180.4,  462.5,1  180.5,2  083.5,2  099.3,1  881.6,1  821.5,1  683.0,1  088.6,  993.2,  843.0,  998.1,1  112.4,1  010.7,1  248.9,  803.3,1  924.3,2  985.1,4  539.7,4  668.9,4  857.6,4  339.1,3  808.1,3  674.5,3  441.4,3  426.0,2  865.0,2  595.1,2  313.0,1  942.1,1  942.1,1  942.1,1  942.1,1  942.1
State of Palestine,  0.0,  0.0,  0.0,  0.0,  0.0,  608.8,  786.0,  949.0,1  167.2,1  355.8,1  417.8,1  437.0,1  446.4,1  464.4,1  513.3,1  559.8,1  578.4,1  606.7,1  658.2,1  958.0,2  176.0,2  328.0,2  336.0,2  459.0,2  487.0,2  511.0,2  660.0,2  647.0,2  756.0,2  756.0,2  717.0,2  976.0,3  116.0,3  195.0
Central Asia,  0.0,  0.0,  18.0,1  435.4,2  321.3,3  600.6,5  000.4,6  697.3,8  189.9,9  958.7,12  293.2,15  389.8,18  366.8,20  883.1,26  290.7,29  942.6,38  431.4,52  347.2,69  640.0,87  934.1,101  577.4,132  094.8,149  799.8,158  615.9,170  424.5,177  084.2,191  412.8,197  492.0,203  841.3,208  975.0,210  123.9,213  515.3,216  440.7,222  059.3
Kazakhstan,  0.0,  0.0,  0.0,1  271.4,1  931.1,2  895.4,4  032.3,5  353.5,6  505.0,7  976.7,10  077.7,12  916.6,15  464.3,17  587.1,22  376.5,25  607.4,32  879.4,44  590.0,59  034.7,71  846.1,82  647.8,107  395.8,119  943.9,125  218.1,132  127.4,133  334.2,143  064.6,146  755.7,150  637.9,152  556.8,151  910.1,152  664.2,154  419.0,157  197.6
Kyrgyzstan,  0.0,  0.0,  0.0,  10.0,  48.2,  144.3,  191.0,  274.0,  383.3,  427.6,  431.8,  427.3,  479.1,  532.4,  582.3,  627.2,  750.4,  982.7,1  379.6,1  428.8,1  697.6,2  413.4,3  553.3,3  319.2,3  553.3,4  637.7,5  245.5,3  960.0,5  299.2,5  912.0,5  499.5,5  637.2,3  505.6,3  809.6
Tajikistan,  0.0,  0.0,  9.0,  18.0,  30.0,  40.0,  58.0,  76.0,  105.9,  112.6,  136.2,  145.7,  181.7,  213.4,  251.3,  17.7,  206.6,  618.3,1  081.3,1  119.7,1  225.7,1  327.9,1  599.3,1  846.2,1  929.7,2  279.0,2  500.7,2  704.6,2  886.9,3  046.8,3  112.6,3  066.0,3  329.5,3  332.8
Turkmenistan,  0.0,  0.0,  0.0,  79.0,  182.0,  415.0,  523.1,  630.9,  693.2,  818.2,  949.2,1  119.2,1  395.2,1  621.2,1  974.9,2  393.1,3  124.0,3  980.0,5  257.0,9  810.0,13  442.3,16  833.4,19  963.0,22  824.4,26  654.6,29  697.5,31  940.7,34  026.6,36  023.9,37  877.6,39  313.8,40  601.1,41  537.2,42  915.5
Uzbekistan,  0.0,  0.0,  9.0,  57.0,  130.0,  106.0,  196.0,  362.8,  502.4,  623.6,  698.3,  781.1,  846.4,  929.0,1  105.6,1  297.2,1  471.0,2  176.2,2  887.5,3  729.5,2  563.9,4  124.4,4  740.4,5  408.0,6  159.7,7  135.8,8  661.3,10  045.0,8  993.4,9  581.8,10  288.1,11  546.8,13  649.5,14  803.8
Latin America and the Caribbean,107  187.0,118  420.9,141  743.2,160  418.7,173  989.2,179  917.3,214  780.8,280  556.7,336  720.5,392  036.3,338  557.5,518  668.0,473  288.7,540  981.3,634  247.6,735  158.4,835  499.2,1010  197.6,973  784.5,1139  980.8,1550  274.3,1597  835.4,1771  494.7,1817  022.9,1830  619.9,1652  319.1,1830  731.6,2020  743.2,2004  699.6,2232  013.0,2133  907.2,2355  201.8,2653  078.5,2953  403.1
South and Central America,103  310.9,117  612.4,140  395.4,158  502.4,171  218.1,176  281.5,210  504.4,274  652.8,329  005.0,381  786.0,326  192.8,503  770.4,456  199.2,522  419.3,609  995.4,707  571.5,804  899.4,976  177.8,932  674.2,1095  447.2,1502  577.1,1552  115.4,1723  290.9,1766  777.9,1777  540.8,1596  276.4,1771  764.5,1957  426.1,1938  529.4,2162  078.4,2059  189.4,2276  309.8,2570  811.1,2866  986.4
South America,74  815.3,80  239.0,97  544.7,110  065.0,129  295.4,127  888.7,155  078.0,208  188.5,250  813.0,276  410.5,186  425.0,323  762.8,269  052.7,321  990.1,374  706.6,428  623.9,490  571.7,619  891.9,601  362.5,753  528.5,1085  463.8,1145  435.4,1218  312.7,1207  611.0,1218  974.7,1051  985.5,1212  936.9,1323  813.1,1275  718.9,1439  346.7,1355  275.4,1513  470.4,1727  712.5,1898  676.9
Argentina,9  084.6,11  523.6,16  302.9,18  520.3,22  428.1,27  991.0,33  557.0,42  012.7,47  797.1,61  926.4,67  600.5,79  503.5,43  146.4,48  262.0,52  507.3,55  138.8,59  882.2,66  225.7,75  235.1,78  205.2,85  590.6,92  295.0,98  705.6,88  337.7,89  715.9,79  773.0,74  868.3,80  699.6,72  589.4,70  458.4,85  268.8,100  119.1,116  698.3,128  855.2
"Bolivia, Plurinational State of",1  025.7,1  092.7,1  188.4,1  310.5,1  434.1,1  564.3,1  990.7,2  248.3,3  274.4,4  284.9,5  187.7,5  893.5,6  570.0,4  606.5,4  957.6,4  904.5,5  118.9,5  485.0,5  998.0,6  421.1,6  890.0,7  748.9,8  808.9,10  992.3,11  784.7,11  598.0,11  564.5,12  241.5,11  835.2,11  710.3,10  276.3,10  585.5,9  838.9,9  632.9
Brazil,37  143.4,38  580.2,47  262.1,54  593.7,61  825.9,47  886.6,54  846.0,69  721.5,99  505.4,102  330.7,  0.0,117  610.7,96  860.9,127  725.8,157  777.5,177  915.0,213  021.1,292  530.6,260  530.6,367  183.2,640  329.6,649  126.4,664  208.5,627  788.7,601  489.9,429  843.0,563  539.5,623  020.8,568  741.4,705  031.0,595  284.8,729  576.6,878  143.8,997  570.4
Chile,16  106.7,16  928.8,17  864.1,18  898.3,21  481.3,24  437.4,29  252.0,34  523.4,37  630.1,43  498.2,45  753.4,43  481.7,42  311.3,54  569.8,65  629.3,78  599.4,84  534.6,107  582.7,101  736.8,129  274.2,160  904.4,173  243.3,179  320.1,190  785.0,205  014.8,207  888.2,222  751.9,245  715.5,241  028.8,245  467.6,248  931.7,238  534.1,250  062.0,267  131.6
Colombia,3  500.1,3  602.0,3  891.3,4  284.2,5  086.1,6  407.0,11  773.4,19  693.6,16  644.5,13  423.8,11  157.2,15  377.1,18  031.6,20  540.3,24  883.3,36  987.0,45  406.0,56  463.0,67  266.0,75  986.0,82  990.6,97  378.8,112  949.4,128  212.9,141  810.5,149  072.5,164  428.0,179  333.9,188  833.0,204  916.1,212  299.5,219  498.0,234  230.6,254  328.8
Ecuador,1  626.0,1  786.1,1  964.0,2  589.8,3  166.1,3  618.6,4  118.2,4  842.2,5  712.1,6  360.6,6  337.2,6  875.7,7  659.0,8  530.5,9  367.4,9  860.8,10  132.3,10  326.1,11  383.5,11  692.1,11  858.0,12  504.1,13  071.5,13  798.5,14  575.2,15  906.5,16  670.7,17  300.3,18  689.5,19  668.5,20  764.3,21  412.3,22  291.7,22  664.0
Guyana,  44.8,  57.2,  203.8,  273.3,  380.0,  454.4,  547.3,  599.3,  643.3,  689.3,  756.4,  812.4,  856.0,  882.1,  912.1,  988.9,1  091.3,1  243.7,1  421.7,1  585.7,1  783.7,2  030.5,2  324.2,2  538.2,2  793.5,2  915.2,2  973.0,3  185.2,4  416.2,6  111.5,8  197.4,12  665.5,17  074.0,10  279.2
Paraguay,  417.7,  498.7,  615.8,  685.4,  807.9,  642.5,  577.4,  709.6,  838.4,  844.8,1  002.7,  893.2,  659.3,  824.7,  892.3,  978.6,1  399.2,2  039.6,2  412.3,2  744.5,3  555.3,4  238.6,5  398.6,5  620.5,6  523.1,5  997.4,6  759.5,7  568.7,7  390.7,7  244.9,6  978.4,7  293.7,7  666.3,8  905.6
Peru,1  330.0,1  370.0,1  504.0,1  642.0,4  451.0,5  510.3,6  719.6,7  753.0,8  297.5,9  791.5,11  061.9,11  834.8,12  548.7,12  875.8,13  310.5,15  889.2,20  484.4,26  807.7,32  340.3,34  521.2,42  975.9,50  658.1,64  280.6,74  106.6,78  643.3,86  849.8,93  308.3,99  838.5,106  599.7,112  858.8,111  670.8,117  030.6,129  221.3,132  545.7
Suriname,  0.0,  0.0,  0.0,  0.0,  0.0,  0.0,  0.0,  0.0,  0.0,  0.0,  0.0,  0.0,  0.0,  0.0,  0.0,  0.0,  0.0,  0.0,  0.0,  0.0,  0.0,  859.0,1  035.4,1  231.5,1  207.4,1  477.0,1  773.0,1  915.2,2  042.2,2  042.7,2  051.0,1  928.8,1  935.7,1  852.7
Uruguay,  671.5,  703.8,  715.1,  816.6,  971.1,1  127.7,1  264.5,1  390.9,1  555.0,1  790.3,2  088.0,2  406.2,1  402.5,1  799.6,2  110.3,2  843.7,3  898.7,6  355.8,7  998.1,10  668.3,12  478.7,15  146.7,28  029.9,31  181.0,33  400.4,32  522.9,30  731.0,31  316.0,30  726.7,31  659.8,30  170.4,30  536.2,34  652.9,38  325.7
"Venezuela, Bolivarian Republic of",3  864.7,4  095.8,6  033.2,6  450.8,7  263.8,8  248.8,10  431.8,24  694.0,28  915.0,31  470.0,35  480.0,39  074.0,39  007.0,41  373.0,42  359.0,44  518.0,45  603.0,44  832.0,35  040.0,35  247.0,36  107.0,40  206.0,40  180.0,33  018.0,32  016.0,28  142.0,23  569.0,21  678.0,22  826.0,22  177.0,23  382.0,24  290.0,25  897.0,26  585.0
Central America,28  495.6,37  373.4,42  850.7,48  437.4,41  922.7,48  392.8,55  426.3,66  464.3,78  192.0,105  375.5,139  767.7,180  007.7,187  146.4,200  429.2,235  288.8,278  947.6,314  327.8,356  285.9,331  311.7,341  918.7,417  113.3,406  680.1,504  978.2,559  166.9,558  566.1,544  290.9,558  827.6,633  613.0,662  810.5,722  731.7,703  914.0,762  839.4,843  098.6,968  309.5
Belize,  89.1,  104.2,  122.0,  135.6,  154.4,  175.2,  191.8,  203.8,  222.8,  277.5,  294.3,  355.5,  380.9,  370.0,  481.5,  608.4,  717.3,  860.4,1  029.9,1  138.1,1  453.6,1  548.9,1  738.1,1  833.3,1  986.0,2  050.6,2  094.6,2  119.1,2  237.4,2  331.3,2  409.3,2  537.8,2  678.7,2  811.7
Costa Rica,1  323.7,1  502.1,1  728.1,1  974.8,2  272.4,  409.1,  836.1,1  221.5,1  759.0,2  364.6,2  808.5,3  410.8,4  236.2,4  929.5,5  945.8,7  174.8,8  843.5,10  819.5,13  110.3,14  552.4,15  936.0,18  095.6,20  606.2,24  111.5,27  570.6,30  859.8,34  213.3,37  546.3,40  755.2,44  077.1,46  112.2,49  213.0,52  474.3,55  165.3
El Salvador,  212.1,  237.3,  252.6,  255.0,  278.0,  293.0,  421.2,  480.3,1  583.9,1  799.7,1  973.1,2  252.1,3  133.7,3  275.4,3  655.5,4  166.5,4  407.8,5  958.4,6  862.4,7  695.6,7  283.6,7  494.9,8  174.5,8  240.8,8  461.7,8  971.8,9  046.7,9  384.1,9  665.6,9  980.8,9  395.3,9  902.0,10  099.9,10  841.4
Guatemala,1  734.2,1  824.6,1  918.7,2  061.2,2  126.3,2  201.6,2  278.4,2  362.9,3  035.7,3  190.3,3  419.9,3  918.4,4  123.7,4  387.0,4  683.0,3  319.2,3  897.8,4  617.6,3  442.0,3  721.0,4  554.2,5  880.5,7  070.6,9  093.9,10  871.5,12  228.4,13  850.5,15  098.8,15  587.2,16  669.9,17  573.5,21  367.0,22  408.8,24  079.9
Honduras,  292.9,  345.0,  392.6,  444.7,  486.2,  555.6,  645.6,  773.3,  872.3,1  109.6,1  391.6,1  584.6,1  760.2,2  007.4,2  270.1,2  869.8,3  538.9,4  466.5,5  472.8,5  981.7,6  950.9,7  965.3,9  023.8,10  083.5,11  500.9,12  704.4,13  843.8,15  019.6,15  981.4,16  479.4,16  898.0,17  636.7,18  556.9,19  633.4
Mexico,22  424.0,30  790.0,35  680.0,40  600.0,33  197.7,41  129.6,46  912.0,55  810.0,63  610.4,88  470.3,121  691.0,159  607.3,164  330.3,175  259.6,206  783.6,248  180.8,277  460.3,311  821.1,280  877.8,286  620.2,355  512.1,336  179.1,426  101.3,469  235.9,456  568.8,430  576.5,433  834.1,497  533.2,516  485.2,567  016.3,544  430.2,592  221.1,662  718.3,778  371.4
Nicaragua,  144.8,  186.8,  228.8,  268.8,  308.8,  384.2,  481.2,  653.3,  848.0,1  148.0,1  414.5,1  564.7,1  768.6,1  969.9,2  219.9,2  461.0,2  747.8,3  129.5,3  756.8,4  190.7,4  680.6,5  616.9,5  154.4,5  891.6,6  471.3,7  208.1,7  934.6,8  620.2,9  056.4,9  239.5,9  986.0,11  206.1,12  499.9,13  730.0
Panama,2  274.9,2  383.4,2  527.9,2  697.4,3  099.0,3  244.6,3  660.1,4  959.4,6  260.1,7  015.6,6  774.9,7  314.3,7  412.9,8  230.4,9  249.5,10  167.1,12  714.4,14  613.0,16  759.7,18  019.0,20  742.3,23  898.8,27  109.3,30  676.5,35  135.3,39  691.3,44  009.9,48  291.7,53  042.1,56  937.3,57  109.4,58  755.7,61  661.9,63  676.5
Caribbean,3  876.0,  808.5,1  347.8,1  916.3,2  771.0,3  635.8,4  276.4,5  903.9,7  715.5,10  250.3,12  364.7,14  897.5,17  089.5,18  562.1,24  252.2,27  586.9,30  599.8,34  019.7,41  110.3,44  533.6,47  697.2,45  719.9,48  203.8,50  245.0,53  079.1,56  042.7,58  967.1,63  317.1,66  170.2,69  934.7,74  717.8,78  892.0,82  267.4,86  416.6
Antigua and Barbuda,  0.0,  0.0,  0.0,  0.0,  0.0,  0.0,  0.0,  0.0,  0.0,  0.0,  0.0,  0.0,  0.0,  0.0,  0.0,  0.0,  0.0,  0.0,  0.0,  0.0,  0.0,  0.0,  0.0,  503.3,  688.7,  803.3,  929.8,1  040.7,1  218.8,1  326.2,1  467.3,1  775.7,2  089.9,2  390.5
Barbados,  171.3,  178.7,  193.1,  202.5,  215.5,  227.2,  240.5,  255.3,  271.0,  288.4,  307.8,  326.3,  343.7,  465.4,  489.5,  617.0,  861.8,1  199.6,1  466.8,4  524.1,4  970.4,5  316.8,6  376.3,6  182.9,6  492.5,6  910.4,7  179.7,7  385.9,7  627.5,7  842.8,8  104.9,8  343.7,8  543.7,8  768.6
Dominica,  0.0,  0.0,  0.0,  0.0,  0.0,  0.0,  0.0,  0.0,  0.0,  0.0,  0.0,  0.0,  0.0,  0.0,  0.0,  0.0,  0.0,  0.0,  0.0,  0.0,  0.0,  0.0,  0.0,  264.2,  268.6,  274.7,  319.7,  343.0,  401.0,  460.1,  483.3,  511.5,  516.5,  537.2
Dominican Republic,  571.5,-2  824.9,-2  645.2,-2  455.9,-2  249.1,-1  834.8,-1  738.3,-1  317.7,-  617.9,  719.9,1  672.8,2  751.9,3  668.7,3  598.4,7  683.5,8  865.9,9  953.3,11  625.6,14  449.3,16  584.4,18  793.1,21  076.0,24  200.3,26  107.9,28  305.9,30  558.0,32  952.9,36  501.5,39  105.5,42  126.7,44  686.3,47  883.1,51  981.9,56  372.1
Grenada,  0.0,  0.0,  0.0,  0.0,  0.0,  0.0,  0.0,  0.0,  0.0,  0.0,  0.0,  0.0,  0.0,  0.0,  0.0,  0.0,  0.0,  0.0,  0.0,  0.0,  0.0,  0.0,  0.0,  502.9,  594.2,  800.5,  918.6,1  071.8,1  289.8,1  537.8,1  641.5,1  837.2,1  989.5,2  153.3
Haiti,  148.8,  162.4,  160.6,  28.0,  25.2,  32.6,  36.7,  40.7,  51.5,  81.5,  94.7,  99.6,  105.3,  119.1,  124.5,  150.5,  311.1,  362.2,  391.7,  447.1,  624.8,  744.2,  900.2,1  060.5,1  159.5,1  265.2,1  370.1,1  745.0,1  850.0,1  925.0,1  940.5,1  991.8,2  031.2,2  063.2
Jamaica,  790.4,  961.6,1  152.0,1  291.2,1  420.9,1  568.3,1  752.0,1  955.3,2  324.4,2  848.1,3  316.9,3  930.8,4  409.6,5  130.3,5  731.9,6  918.5,7  800.7,8  667.2,10  103.8,10  627.5,10  855.2,11  110.4,12  119.0,12  663.8,13  245.9,14  170.9,15  098.9,15  987.7,16  762.3,17  427.8,17  692.9,18  013.3,18  332.1,18  762.9
Netherlands Antilles,  407.6,  441.0,  481.1,  492.1,  513.6,  363.6,  303.8,  287.5,  292.6,  277.8,  277.2,  339.7,  414.6,  425.5,  447.3,  489.2,  467.2,  0.0,  0.0,  0.0,  0.0,  0.0,  0.0,  0.0,  0.0,  0.0,  0.0,  0.0,  0.0,  0.0,  0.0,  0.0,  0.0,  0.0
Saint Kitts and Nevis,  0.0,  0.0,  0.0,  0.0,  0.0,  0.0,  0.0,  0.0,  0.0,  0.0,  0.0,  0.0,  0.0,  0.0,  0.0,  0.0,  0.0,  0.0,  0.0,  0.0,  0.0,  0.0,  0.0,1  229.1,1  254.1,1  364.2,1  461.1,1  496.6,1  578.4,1  650.4,1  651.4,1  655.4,1  676.5,1  708.7
Saint Lucia,  0.0,  0.0,  0.0,  0.0,  0.0,  0.0,  0.0,  0.0,  0.0,  0.0,  0.0,  0.0,  0.0,  0.0,  0.0,  0.0,  0.0,  0.0,  0.0,  0.0,  0.0,  0.0,  0.0,  593.6,1  082.8,1  233.1,1  395.8,1  483.3,1  531.8,1  598.7,1  718.5,1  828.0,1  865.0,2  003.7
Saint Vincent and the Grenadines,  0.0,  0.0,  0.0,  0.0,  0.0,  0.0,  0.0,  0.0,  0.0,  0.0,  0.0,  0.0,  0.0,  0.0,  0.0,  0.0,  0.0,  0.0,  0.0,  0.0,  0.0,  0.0,  0.0,  857.2,  831.8,  956.1,1  026.2,1  190.7,1  230.6,1  299.4,1  364.6,1  527.5,1  601.3,1  682.7
Trinidad and Tobago,2  365.3,2  509.4,2  680.4,3  053.0,3  574.0,3  869.7,4  226.0,5  225.6,5  957.5,6  600.8,7  280.3,8  115.2,8  905.9,9  714.2,10  712.3,11  652.0,12  534.7,13  364.7,16  165.5,16  874.6,17  424.0,12  789.4,10  984.3,10  412.8,10  367.8,10  048.6,9  545.2,9  082.9,8  452.4,8  455.3,10  398.2,11  003.8,9  922.2,9  218.5
Anguilla,  0.0,  0.0,  0.0,  0.0,  0.0,  0.0,  0.0,  0.0,  0.0,  0.0,  0.0,  0.0,  0.0,  0.0,  0.0,  0.0,  0.0,  0.0,  0.0,  0.0,  0.0,  0.0,  0.0,  340.1,  423.4,  525.6,  640.6,  742.0,  979.3,1  128.2,1  210.4,1  281.2,1  381.7,1  527.9
Aruba,  145.2,  329.9,  313.6,  306.8,  248.0,  249.1,  333.6,  529.5,  613.1,1  288.5,1  160.6,  893.6,1  225.8,1  386.0,1  879.9,2  383.2,3  743.0,4  178.2,4  526.8,4  440.2,4  567.0,5  064.8,3  510.9,3  736.8,3  974.7,4  049.7,4  070.9,4  166.4,4  281.1,4  144.4,4  277.4,4  425.2,4  686.2,4  508.3
Bahamas (the),  585.8,  584.5,  584.8,  611.9,  635.3,  742.1,  829.9,1  039.9,1  886.9,2  668.8,3  865.0,4  452.0,4  218.7,4  932.0,5  735.7,6  790.0,8  282.1,9  904.9,11  417.2,12  062.9,13  160.1,14  568.9,15  602.4,17  192.8,20  743.8,21  456.4,22  715.9,23  617.4,24  564.8,25  175.7,26  072.5,27  257.6,28  512.4,29  903.9
British Virgin Islands,  125.9,  130.8,-  0.4,  675.5,1  353.1,  776.3,1  885.9,5  522.5,14  300.1,22  215.5,30  288.8,34  080.0,39  531.9,49  192.0,77  501.7,70  359.1,82  388.2,119  551.3,172  105.8,214  318.7,265  782.7,427  654.1,493  138.8,588  507.9,628  765.3,740  836.9,796  224.0,817  471.5,865  169.8,909  346.0,950  876.1,990  237.6,1028  356.2,1068  245.6
Cayman Islands,1  749.1,1  740.5,1  768.0,2  227.8,2  694.8,2  745.2,3  976.9,7  127.7,11  481.8,17  957.7,27  316.4,29  449.5,32  252.5,34  855.0,38  558.5,48  065.0,72  885.9,101  096.5,120  652.2,140  950.2,161  916.2,193  048.1,214  537.7,249  445.7,295  486.3,375  987.8,434  803.4,449  976.8,470  657.6,498  822.7,522  443.8,548  336.9,572  926.9,601  061.0
Curaçao,  0.0,  0.0,  0.0,  0.0,  0.0,  0.0,  0.0,  0.0,  0.0,  0.0,  0.0,  0.0,  0.0,  0.0,  0.0,  0.0,  0.0,  235.6,  382.2,  437.4,  526.8,  592.6,  668.1,  735.2,1  221.3,1  394.0,1  592.9,1  087.0,  0.0,  973.9,  498.3,  940.2,1  080.9,1  235.5
Montserrat,  0.0,  0.0,  0.0,  0.0,  0.0,  0.0,  0.0,  0.0,  0.0,  0.0,  0.0,  0.0,  0.0,  0.0,  0.0,  0.0,  0.0,  0.0,  0.0,  0.0,  0.0,  0.0,  0.0,  18.1,  21.6,  22.8,  26.6,  30.0,  33.3,  32.6,  35.5,  37.7,  42.4,  49.3
Sint Maarten,  0.0,  0.0,  0.0,  0.0,  0.0,  0.0,  0.0,  0.0,  0.0,  0.0,  0.0,  0.0,  0.0,  0.0,  0.0,  0.0,  0.0,  98.0,  183.8,  223.5,  256.1,  518.0,  531.4,  477.2,  488.7,  485.0,  477.4,  411.5,  214.8,  315.4,  141.5,  173.0,  190.1,  223.7
Oceania,1  947.3,2  014.9,1  972.5,2  389.4,2  227.0,2  429.1,2  723.9,2  328.8,2  157.0,1  779.8,1  853.6,1  834.0,2  003.6,2  570.7,3  128.0,3  277.4,5  149.4,6  701.1,9  494.6,11  332.5,14  693.5,18  158.1,21  833.5,23  950.0,24  367.0,23  809.0,24  512.8,27  520.3,27  225.2,28  234.8,30  686.3,30  529.1,31  592.7,32  060.3
Cook Islands,  0.0,  0.0,  0.0,  0.0,  0.0,  0.0,  0.0,  0.0,  0.0,  0.0,  0.0,  0.0,  0.0,  0.0,  0.0,  0.0,  0.0,  0.0,  0.0,  0.0,  0.0,  0.0,  0.0,  0.0,  0.0,  61.2,  72.9,  76.7,  108.1,  114.3,  137.7,  177.3,  181.2,  186.8
Fiji,  283.7,  283.8,  338.8,  419.3,  525.9,  583.5,  604.8,  559.0,  534.7,  398.9,  356.5,  364.1,  434.2,  570.9,  860.2,  937.6,1  447.0,2  032.2,2  390.6,2  564.0,2  962.9,3  191.5,3  531.8,3  530.2,3  745.3,3  701.8,4  080.4,4  625.1,4  889.2,5  206.2,5  730.4,5  914.4,5  754.8,5  854.8
Kiribati,  0.0,  0.0,  0.0,  0.0,  0.0,  0.0,  0.0,  0.0,  0.0,  0.0,  0.0,  0.7,  0.8,  1.2,  3.3,  5.6,  6.2,  8.2,  5.2,  10.4,  4.6,  4.9,  6.9,  4.9,  10.4,  10.2,  11.6,  13.3,  11.5,  10.3,  12.0,  10.5,  11.0,  13.2
Marshall Islands (the),  0.0,  0.0,  0.0,  0.0,  0.0,  0.0,  0.0,  0.0,  0.0,  0.0,  20.2,  23.9,  28.2,  30.6,  34.5,  41.2,  51.0,  65.1,  73.5,  124.8,  119.7,  121.5,  184.3,  214.2,  227.9,  172.2,  184.9,  187.9,  201.7,  205.9,  154.1,  167.2,  169.8,  163.7
"Micronesia, Federated States of",  0.0,  0.0,  0.0,  0.0,  0.0,  0.0,  0.0,  0.0,  0.0,  0.0,  0.0,  0.0,  0.0,  0.0,  0.0,  0.0,  0.0,  0.0,  0.0,  6.6,  6.9,  5.7,  5.1,  195.5,  235.3,  0.0,  0.0,  0.0,  0.0,  0.0,  0.0,  0.0,  0.0,  0.0
Palau,  2.0,  3.0,  4.0,  4.0,  4.0,  4.0,  4.0,  4.0,  4.0,  4.0,  173.3,  171.9,  168.9,  173.5,  180.3,  184.0,  217.1,  221.3,  226.0,  228.7,  232.3,  239.7,  261.3,  280.3,  321.1,  360.7,  590.3,  634.2,  666.3,  711.0,  754.1,  785.5,  857.5,  905.3
Papua New Guinea,1  582.3,1  611.4,1  506.9,1  839.3,1  562.9,1  666.5,1  929.0,1  504.6,1  314.1,1  044.7,  935.5,  766.0,  745.4,  892.8,1  008.6,1  068.8,1  349.7,1  474.9,2  167.4,2  215.6,3  747.5,4  567.0,4  656.1,4  222.9,4  140.0,4  466.6,4  462.1,4  481.5,4  300.9,4  506.3,4  446.5,4  446.5,4  878.3,4  453.8
Samoa,  9.1,  12.3,  17.3,  22.3,  25.3,  28.8,  29.9,  49.9,  52.9,  52.2,  76.8,  72.2,  78.3,  93.6,  99.6,  100.0,  125.6,  138.9,  167.3,  205.4,  219.7,  232.6,  261.1,  267.9,  281.1,  288.8,  292.9,  310.3,  313.7,  308.8,  325.4,  324.7,  317.7,  315.0
Solomon Islands,  0.0,  0.0,  0.0,  0.0,  0.0,  34.4,  40.3,  74.2,  83.0,  92.9,  105.9,  96.6,  96.2,  94.4,  100.1,  118.7,  186.4,  271.2,  332.4,  378.2,  551.8,  732.3,  689.9,  759.4,  781.8,  536.7,  533.4,  594.7,  576.2,  600.8,  600.9,  621.2,  652.1,  680.7
Tonga,  0.9,  1.2,  2.5,  4.6,  7.4,  8.4,  8.7,  8.7,  8.8,  9.7,  18.9,  26.6,  31.3,  37.5,  75.0,  87.9,  105.1,  129.1,  175.5,  195.5,  220.2,  264.0,  295.1,  346.5,  402.5,  65.8,  69.8,  65.6,  100.0,  95.6,  98.0,  100.5,  108.0,  132.4
Tuvalu,  0.0,  0.0,  0.0,  0.0,  0.0,  0.0,  0.0,  0.0,  0.0,  0.0,  0.0,  0.2,  0.2,  0.2,  0.2,  0.2,  0.2,  0.2,  1.5,  4.1,  5.4,  5.4,  6.9,  6.5,  6.8,  7.1,  7.4,  7.7,  8.0,  8.3,  8.4,  8.6,  8.8,  9.0
Vanuatu,  0.0,  0.0,  0.0,  0.0,  0.0,  0.0,  0.0,  7.0,  27.3,  40.7,  61.0,  79.0,  98.7,  137.9,  168.1,  181.0,  256.9,  316.7,  331.6,  412.9,  454.0,  519.4,  608.1,  554.5,  508.1,  500.9,  518.4,  569.2,  572.9,  567.8,  615.5,  641.8,  635.7,  647.1
French Polynesia,  69.3,  103.1,  103.1,  99.9,  101.4,  103.5,  107.1,  121.4,  132.2,  136.6,  146.5,  170.1,  181.1,  239.3,  245.7,  253.5,  284.2,  342.4,  356.3,  378.2,  442.5,  573.0,  728.4,  827.6,  889.5,  915.5,  977.0,1  056.1,1  010.8,1  042.6,1  098.3,1  119.7,1  110.2,1  103.7
New Caledonia,  0.0,  0.0,  0.0,  0.0,  0.0,  0.0,  0.0,  0.0,  0.0,  0.0,-  41.0,  62.6,  140.3,  298.9,  352.5,  298.9,1  120.1,1  701.0,3  267.3,4  608.1,5  726.0,7  701.1,10  598.4,12  739.7,12  817.1,12  721.5,12  711.6,14  898.0,14  465.7,14  856.9,16  705.1,16  211.3,16  907.6,17  594.9
Memorandum,,,,,,,,,,,,,,,,,,,,,,,,,,,,,,,,,,
Least developed countries (LDCs),11  018.8,12  497.7,13  942.1,15  625.7,16  665.4,18  544.5,20  737.2,24  144.6,28  779.0,32  665.9,35  969.1,40  769.3,46  780.4,57  947.8,67  796.5,70  995.3,80  394.4,92  441.5,106  218.8,121  669.7,161  402.5,191  401.4,220  477.9,234  438.4,248  346.5,277  055.7,295  707.8,325  475.9,345  450.6,362  119.7,382  377.2,411  253.4,429  955.2,459  109.3
Landlocked countries (LLCs),7  470.6,7  758.3,8  157.0,9  960.6,11  597.0,14  097.1,16  988.0,21  546.1,26  701.6,30  620.3,33  629.7,41  723.1,49  101.2,56  267.0,69  596.1,76  799.8,97  373.1,119  075.8,137  099.8,162  345.8,183  972.2,229  979.1,262  569.8,285  817.2,310  255.7,327  498.4,354  959.0,380  623.7,402  233.2,418  321.5,421  247.0,435  390.6,444  858.8,468  390.1
Small island developing states (SIDS),5  207.0,2  189.5,2  820.8,3  689.4,4  772.5,5  949.2,6  810.5,8  795.2,11  530.6,14  910.8,18  805.9,22  038.3,24  271.0,26  962.1,34  011.4,38  888.8,44  789.6,51  880.1,63  895.4,73  219.4,80  554.0,79  748.9,90  059.9,99  954.8,107  670.0,111  327.3,117  975.3,126  696.1,126  068.0,133  316.7,141  085.3,148  088.6,155  252.0,163  726.4
,,,,,,,,,,,,,,,,,,,,,,,,,,,,,,,,,,
,,,,,,,,,,,,,,,,,,,,,,,,,,,,,,,,,,
"Source: UNCTAD, FDI/MNE database (www.unctad.org/fdistatistics).",,,,,,,,,,,,,,,,,,,,,,,,,,,,,,,,,,
Note: Totals exclude the financial centres in the Caribbean.,,,,,,,,,,,,,,,,,,,,,,,,,,,,,,,,,,
