Data Source,World Development Indicators,,,,,,,,,,,,,,,,,,,,,,,,,,,,,,,,,,,,,,,,,,,,,,,,,,,,,,,,,,,,,,,,,,,
Last Updated Date,15-04-2025,,,,,,,,,,,,,,,,,,,,,,,,,,,,,,,,,,,,,,,,,,,,,,,,,,,,,,,,,,,,,,,,,,,
,,,,,,,,,,,,,,,,,,,,,,,,,,,,,,,,,,,,,,,,,,,,,,,,,,,,,,,,,,,,,,,,,,,,
Country Name,Country Code,Indicator Name,Indicator Code,1960,1961,1962,1963,1964,1965,1966,1967,1968,1969,1970,1971,1972,1973,1974,1975,1976,1977,1978,1979,1980,1981,1982,1983,1984,1985,1986,1987,1988,1989,1990,1991,1992,1993,1994,1995,1996,1997,1998,1999,2000,2001,2002,2003,2004,2005,2006,2007,2008,2009,2010,2011,2012,2013,2014,2015,2016,2017,2018,2019,2020,2021,2022,2023,2024
Aruba,ABW,Real interest rate (%),FR.INR.RINR,,,,,,,,,,,,,,,,,,,,,,,,,,,,6.475434273,6.918180059,6.264234019,4.566640856,4.791125207,6.528137588,5.032925105,4.056926124,6.988250527,6.890905449,6.311952519,4.173555703,10.71689941,10.91745008,15.88594888,6.573785003,7.424575075,6.604509536,5.646372976,5.813105098,4.976002317,5.982547943,8.84604657,11.66613076,4.801974338,8.200875007,10.70970877,3.21386882,0.15792477,7.98285171,9.789286657,2.453045315,-0.299776141,7.825934701,11.89708402,2.852654339,-0.852277921,
Africa Eastern and Southern,AFE,Real interest rate (%),FR.INR.RINR,,,,,,,,,,,,,,,,,,,,,,,,,,,,,,,,,,,,,,,,,,,,,,,,,,,,,,,,,,,,,,,,,
Afghanistan,AFG,Real interest rate (%),FR.INR.RINR,,,,,,,,,,,,,,,,,,,,,,,,,,,,,,,,,,,,,,,,,,,,,,,10.0468971,-3.58511111,12.55796014,17.54292893,11.36409374,-1.24150601,7.174387248,9.784495939,14.35168934,12.25254816,17.58393816,12.1411783,,,,,,,
Africa Western and Central,AFW,Real interest rate (%),FR.INR.RINR,,,,,,,,,,,,,,,,,,,,,,,,,,,,,,,,,,,,,,,,,,,,,,,,,,,,,,,,,,,,,,,,,
Angola,AGO,Real interest rate (%),FR.INR.RINR,,,,,,,,,,,,,,,,,,,,,,,,,,,,,,,,,,,,-84.09500018,-93.51345888,-29.52270655,4.047558877,-72.57850016,-60.78132704,-5.032933217,-33.5534011,1.128485451,36.63763102,17.80088858,2.045114379,12.83731632,-5.723724308,38.97771355,-7.353793454,-9.876356841,8.764706246,12.61080218,12.38052977,21.14418153,-4.922003097,-5.552697982,-5.844003353,0.090918787,8.028656853,-13.98937224,5.634142895,-0.594013727,
Albania,ALB,Real interest rate (%),FR.INR.RINR,,,,,,,,,,,,,,,,,,,,,,,,,,,3.501953158,1.000309155,1.000584368,0.996284185,1.437570041,-25.46909106,-63.78712048,-42.57351396,-8.963182188,8.801745016,-10.28697484,19.29949431,,19.11028929,15.57541161,15.26170739,11.24647779,8.623874259,8.346054481,9.455505482,10.20876158,9.304741438,8.550524874,10.00074741,7.971036596,9.888462236,9.736112073,9.510397491,6.324557533,7.272492422,7.413723259,4.701068533,2.880524892,5.222981817,6.077272704,2.491452304,-3.053758799,0.269282389,
Andorra,AND,Real interest rate (%),FR.INR.RINR,,,,,,,,,,,,,,,,,,,,,,,,,,,,,,,,,,,,,,,,,,,,,,,,,,,,,,,,,,,,,,,,,
Arab World,ARB,Real interest rate (%),FR.INR.RINR,,,,,,,,,,,,,,,,,,,,,,,,,,,,,,,,,,,,,,,,,,,,,,,,,,,,,,,,,,,,,,,,,
United Arab Emirates,ARE,Real interest rate (%),FR.INR.RINR,,,,,,,,,,,,,,,,,,,,,,,,,,,,,,,,,,,,,,,,,,,,,,,,,,,,,,,,,,,,,,,,,
Argentina,ARG,Real interest rate (%),FR.INR.RINR,,,,,,,,,,,,,,,,,,,,,,,,,,,,,,,,,,,,,,,,,,,,,,,,,,,-8.56602872,-7.773405236,-6.748195554,-5.485839182,-11.60069877,-1.314708785,-7.006039843,0.455892832,4.564409099,12.10396965,-7.635174216,-11.86183796,-10.28803887,-16.77142291,
Armenia,ARM,Real interest rate (%),FR.INR.RINR,,,,,,,,,,,,,,,,,,,,,,,,,,,,,,,,,,,,-24.91305774,39.10516828,30.9943494,34.13461159,38.77366744,33.39846306,21.78215208,18.34706928,15.51698759,11.624816,14.31614594,11.38149246,12.69474446,10.43491465,15.87088144,10.60763579,12.91975789,11.28119329,12.21684304,13.78124866,16.18000967,17.04235951,11.99733996,9.733977399,10.95957856,9.63911034,4.547588161,3.457429322,9.459385801,
American Samoa,ASM,Real interest rate (%),FR.INR.RINR,,,,,,,,,,,,,,,,,,,,,,,,,,,,,,,,,,,,,,,,,,,,,,,,,,,,,,,,,,,,,,,,,
Antigua and Barbuda,ATG,Real interest rate (%),FR.INR.RINR,,,,,,,,,,,,,,,,,,,,,,,-0.526173849,5.886168925,6.985792631,2.975549623,3.296140318,1.201389372,-2.970696475,5.251331004,8.366036026,9.255923878,9.490575376,10.12551393,9.226364831,9.364209812,8.554856812,9.218675816,9.265148252,9.862706662,10.5266388,9.344778856,9.966394666,13.36983452,9.393829068,6.417050161,9.657958148,5.81085126,5.434286994,8.85616848,9.245397048,10.17775392,9.945285037,9.430503902,8.148532639,6.855762617,10.0904449,8.969954354,7.40806267,7.83657472,6.829130405,2.362427634,0.766250065,1.821525113,
Australia,AUS,Real interest rate (%),FR.INR.RINR,,2.206925608,5.579822384,3.276423295,1.732968155,2.260551725,2.621181034,0.487603778,3.257312881,1.06790565,1.687312753,1.962157124,0.783718136,-1.505013719,-6.017106887,-5.338626241,-3.598672897,-1.385459647,1.05215865,0.451577605,-0.033997617,2.107781896,1.416564862,2.050797572,3.371865637,7.390053519,7.933070349,7.52262379,6.446579035,6.615671337,9.670216782,10.09170391,8.97161509,8.475772097,7.987322632,8.027104912,6.83246607,5.819801955,5.485396962,6.062481715,5.037408906,2.113075065,3.42486719,3.521809694,3.698164878,3.306368189,2.375638253,3.057340997,4.148952313,1.021117328,6.055527167,1.44585192,5.077614645,6.353161025,4.481619482,6.237773348,6.124606749,1.536195526,3.329588051,1.578066835,,,,,
Austria,AUT,Real interest rate (%),FR.INR.RINR,,,,,,,,,,,,,,,,,,,,,,,,,,,,,,,,,,,,,,,,,,,,,,,,,,,,,,,,,,,,,,,,,
Azerbaijan,AZE,Real interest rate (%),FR.INR.RINR,,,,,,,,,,,,,,,,,,,,,,,,,,,,,,,,,,,,,,,21.01798495,16.95460899,6.367573025,16.76907905,12.62440588,7.942300437,5.920291581,2.009036409,5.895815194,-1.568624267,-6.272592651,47.90105785,6.3007017,-2.885979388,15.02960689,17.6862204,19.39167771,28.94544185,1.485833836,0.318577983,4.691769978,17.56490862,26.53682128,-4.246163591,-16.52267498,25.52116823,
Burundi,BDI,Real interest rate (%),FR.INR.RINR,,,,,,,,,,,,,,,,,,,-0.451262624,-11.20322551,-3.766860947,19.22924479,5.98831967,5.234921701,-4.450063397,6.596780822,16.98033755,15.96339107,8.221738111,-2.402625005,5.997142468,8.348477598,7.833429517,5.591120353,7.090833434,-0.727268465,,,3.543673658,0.245048218,-16.67919754,2.732903688,18.25203631,5.614402302,4.514521187,-0.3337127,13.83318731,7.915110852,-6.19483254,3.274557502,3.554153982,4.492486953,0.022685619,6.664371597,9.840570485,-4.937060845,13.13730771,3.00359678,18.15767576,13.56590239,5.877798674,4.000870677,-5.543080238,-0.131115724,
Belgium,BEL,Real interest rate (%),FR.INR.RINR,,,,,,,,,,,,,,,,,,,,,,,,,,,,,,,,,,,,,,,,,,,,,,,,,,,,,,,,,,,,,,,,,
Benin,BEN,Real interest rate (%),FR.INR.RINR,,,,,,,,,,,,,,,,,,,,,,,,,,,,,,,,,,,,,,,,,,,,,,3.596098155,2.588145618,4.344562975,-1.362331084,2.377428574,4.195490191,1.468030817,-2.46960852,3.836592954,5.599991796,4.266334386,4.580099734,7.329027718,6.052308163,7.114169778,3.557093414,4.557501514,,,
Burkina Faso,BFA,Real interest rate (%),FR.INR.RINR,,,,,,,,,,,,,,,,,,,,,,,,,,,,,,,,,,,,,,,,,,,,,,4.944070101,5.435521584,2.204376718,-3.82524863,2.511578975,1.285141169,-1.388528991,-0.741639727,7.5780202,5.995918151,7.545939073,2.622405522,5.024211614,5.628913773,6.143920617,0.06753751,6.130218132,,,
Bangladesh,BGD,Real interest rate (%),FR.INR.RINR,,,,,,,,,,,,,,,,,33.79505835,13.86156226,-12.26921967,-2.094867647,-5.988132182,1.1279848,1.16377388,2.439473298,3.020813216,-6.211926915,4.374505694,3.353217679,6.837361623,6.006888297,7.803215576,11.71898735,11.05035713,13.74096927,9.125764688,5.455284559,-5.16455193,8.853321042,7.825648109,8.978643048,8.998203238,9.256955718,8.389699357,5.88445428,5.582355611,5.76426912,5.466993809,5.789111436,4.66174257,6.146538332,4.736123569,5.064197686,5.343332659,5.988693902,6.885866277,5.512644316,-13.64213564,4.276539894,3.634303658,5.689563715,4.289186251,3.076215735,1.972480573,0.629461238,
Bulgaria,BGR,Real interest rate (%),FR.INR.RINR,,,,,,,,,,,,,,,,,,,,,,,,,,,,,,,,,9.068475431,17.05248509,17.26117498,-23.98506942,139.9637112,-69.10635899,-14.83204725,9.852276256,3.690178364,4.705183744,5.160853778,6.217822168,3.11585389,1.938870234,2.000862338,-0.948808134,2.551230925,7.11672375,10.3015198,4.256439074,8.507411845,8.96500604,6.830279574,4.372237696,2.970723702,0.597670419,0.679071464,-0.652136208,-0.004222011,-2.664794765,-10.50083989,-3.283944257,
Bahrain,BHR,Real interest rate (%),FR.INR.RINR,,,,,,,,,,,,,,,,,,,,,,,,,,,31.89907889,6.796161543,5.676506981,4.267214289,3.41972663,11.47486962,15.81804495,14.29430182,3.150139609,10.49670124,12.09982435,11.16094416,20.28486379,8.842680724,-2.378906722,14.54559467,4.827361494,-0.283027354,-2.781093221,-5.199029249,-0.796745563,-0.156120282,-2.821019814,24.06196772,-4.249245845,-2.461621415,3.012662807,5.408139596,7.415587015,15.25317769,,,,,,,,,
"Bahamas, The",BHS,Real interest rate (%),FR.INR.RINR,,,,,,,,,,,,,,,,,6.944387126,7.639237236,7.092681004,0.525916093,0.751287393,-5.683085007,7.044690601,4.739740263,7.5879186,1.726529252,4.38524365,2.264504221,7.405764802,7.058839811,3.736699612,6.282836881,4.020735443,8.381728042,4.591386621,5.900219219,5.709560374,-38.37653613,3.591574395,1.356882645,5.030872342,5.626977584,1.961827981,4.789804497,4.748260807,0.462285095,4.633431666,2.47895543,3.952551212,6.604831487,5.915788916,5.972384534,1.349194804,4.927761977,1.063046865,-0.530754737,3.095837843,2.863086289,3.776601413,-0.328326497,7.071112916,5.379496909,-0.048941176,-1.969468771,
Bosnia and Herzegovina,BIH,Real interest rate (%),FR.INR.RINR,,,,,,,,,,,,,,,,,,,,,,,,,,,,,,,,,,,,,,,,,,,7.321324798,9.327539854,7.947864517,3.223953257,0.198551998,0.918034767,-0.332619168,7.732691915,6.39214699,4.880421152,6.481564755,7.276478303,5.58529959,4.363562765,3.853482163,2.555420954,0.971534856,0.796048107,3.00786242,-1.6799107,-7.555774248,-2.48323871,
Belarus,BLR,Real interest rate (%),FR.INR.RINR,,,,,,,,,,,,,,,,,,,,,,,,,,,,,,,,,-89.29939146,-85.18832721,-87.85285741,-63.88725835,5.60715851,-23.21565596,-28.08282615,-63.76102548,-41.22954906,-18.14018623,-5.528469047,-5.134717105,-4.700862777,-6.399671286,-1.721871696,-3.807565642,-10.44729536,2.211575773,-1.907344445,-33.48902473,-31.81321032,-1.756238025,0.464890416,1.775685289,5.591856659,0.953546673,-3.071065142,0.411406274,-2.543132036,-4.516675065,-1.888002465,2.416056196,
Belize,BLZ,Real interest rate (%),FR.INR.RINR,,,,,,,,,,,,,,,,,,,,,,,20.08806403,6.313680101,5.506662435,16.97370236,10.59171681,6.087613626,9.779356833,10.33448436,14.07579357,17.01744127,10.51848917,12.26053721,11.8622888,9.887717415,13.19171963,18.08713524,13.72748334,18.23162421,14.35340791,17.71602668,14.04509117,19.24290676,11.55249257,10.9234754,10.64479796,10.14103589,10.16862141,17.02948619,11.37893689,8.050914228,11.61292822,9.467088898,9.600554523,10.65732007,7.587722321,6.240326194,9.03025245,9.195337436,9.447766348,7.758625898,1.185095137,1.80997445,
Bermuda,BMU,Real interest rate (%),FR.INR.RINR,,,,,,,,,,,,,,,,,,,,,,,,,,,,,,,,,,,,,,,,,,,,,,,,,,,,,,,,,,,,,,,,,
Bolivia,BOL,Real interest rate (%),FR.INR.RINR,,,,,,,,,,,,,,,,,,,,,,,,,,,,30.39683894,18.95013375,21.28074356,21.97113918,19.93217041,28.54477858,44.40762993,44.11315582,35.53009432,39.77986871,41.95159969,30.22905118,32.18152217,27.94839572,17.85309791,17.32305791,10.65860771,6.022331912,10.07566894,-1.55933383,5.110629663,3.163720043,15.14603743,1.041041528,-3.217178149,3.767191392,4.770029141,7.491198632,13.30880295,9.434724905,1.931420924,4.83325936,9.155986432,9.625096813,3.906454516,2.511807569,9.195612617,
Brazil,BRA,Real interest rate (%),FR.INR.RINR,,,,,,,,,,,,,,,,,,,,,,,,,,,,,,,,,,,,,,65.40884498,77.61683799,67.06091709,48.5047282,45.63781871,48.34043745,46.44739884,43.77915272,44.63516886,41.24032645,35.02251547,35.3667578,34.79200963,29.11580552,32.83345951,26.58209053,18.49884442,22.40367244,33.83234397,40.69836145,41.71380787,33.10233425,31.90307275,21.19717969,15.01088497,28.39609283,37.20750933,
Barbados,BRB,Real interest rate (%),FR.INR.RINR,,,,,,,,,,,,,,,,,,,,,,-0.661277886,3.212898421,5.798910952,6.005478356,6.808886214,4.392506287,1.31568767,6.500892202,2.895511442,7.412015518,7.580613714,11.18194813,3.537513467,6.72488138,8.893479767,7.276866409,8.835422975,0.962936975,4.751744844,11.66464362,7.166315766,7.52383813,7.302639709,2.367223972,2.342734993,5.95150041,1.975902379,8.080391055,11.2395211,-8.542276321,4.855028575,9.817438379,5.797350092,8.375244705,8.722809228,9.10510166,4.530184399,4.646222369,5.77949883,2.79323419,5.590564766,7.336238725,,
Brunei Darussalam,BRN,Real interest rate (%),FR.INR.RINR,,,,,,,,,,,,,,,,,,,,,,,,,,,,,,,,,,,,,,,23.82135732,-4.443441599,3.050771344,11.02113976,5.643023909,-0.761895167,-9.474659372,-12.45075987,-4.042365195,0.767082447,-9.068003287,34.80578962,0.495246705,-12.2155723,4.228153889,8.565330744,7.484174438,28.05378423,16.15040581,0.519012837,-3.40210004,9.138376223,18.35814413,-8.63105556,-15.08147162,21.11985322,
Bhutan,BTN,Real interest rate (%),FR.INR.RINR,,,,,,,,,,,,,,,,,,,,,,,7.188979171,7.317805736,4.390113522,7.972486803,7.290693848,13.74744422,0.030555566,8.893352918,8.280794398,5.561450582,7.415044546,7.820734834,3.776064518,7.125327949,7.295509334,2.739536639,4.79124819,9.258469293,-0.452380919,9.983959222,9.787592284,11.15876592,10.21038704,7.532736362,6.966800505,8.894817223,7.810135434,8.930793404,5.160030473,4.702226656,4.936823319,7.416222676,7.853382641,11.32262505,9.708017806,9.48768641,12.70294382,10.56367179,8.275090667,5.920379288,7.755712499,7.565038508,
Botswana,BWA,Real interest rate (%),FR.INR.RINR,,,,,,,,,,,,,,,,,,,,,-1.556654988,9.721909504,19.78189131,4.257201654,-2.968963509,-9.271153196,-2.683864922,-2.390604784,-12.11416662,-5.263682318,1.481638237,6.327978999,6.902446348,1.637970268,4.06788525,6.776493709,-1.388480721,8.530342197,3.349689855,0.473255878,1.145825237,6.866384475,14.84470101,12.72615936,5.151956536,0.230180569,10.74984513,9.606601366,6.554592168,-1.175676556,3.505910613,-1.467619028,7.75460206,8.5264764,-0.551076777,4.067935712,-4.115021481,9.784192479,6.439120061,5.858510949,1.313488588,-2.889285696,-7.403099179,4.517928311,
Central African Republic,CAF,Real interest rate (%),FR.INR.RINR,,,,,,,,,,,,,,,,,,,,,,,,,,,,,,,,,,,,,,,,,,,,,,,,,,,,,,,,,,,,,,,,,
Canada,CAN,Real interest rate (%),FR.INR.RINR,,3.084345022,4.341589341,3.491579406,2.837818691,1.923199804,1.028484641,1.400162653,2.740142284,2.987357392,3.289330209,1.474988517,0.164379093,-2.076774366,-4.170201382,-1.424414537,1.156647007,1.67026433,2.678083482,2.567258502,3.810891238,7.595054218,6.418826731,5.048162643,8.22548422,7.010893241,7.164049119,4.512987545,6.020026083,8.265166709,10.36280576,6.676640565,5.921223468,4.589299085,5.34161484,6.241247834,4.314937903,3.77105927,6.79236178,4.428447423,2.775239791,4.17315132,2.914163587,1.392510078,0.715785247,1.260735591,3.161082058,2.714042801,0.704688624,4.833121719,-0.237699891,-0.236773176,1.760110339,1.237716691,1.038638973,3.67453345,1.968905239,0.125752237,,,,,,,
Central Europe and the Baltics,CEB,Real interest rate (%),FR.INR.RINR,,,,,,,,,,,,,,,,,,,,,,,,,,,,,,,,,,,,,,,,,,,,,,,,,,,,,,,,,,,,,,,,,
Switzerland,CHE,Real interest rate (%),FR.INR.RINR,,,,,,,,,,,,,,,,,,,,,,,,,,,,,,,,,,,,,,,,,,,,,,,,,1.865523246,2.282844337,2.413050268,2.739346526,2.622941725,2.778422162,3.365102086,3.996447542,3.248908871,3.006367395,1.849004653,2.739664717,3.357509619,1.376511373,0.145920368,1.822186737,
Channel Islands,CHI,Real interest rate (%),FR.INR.RINR,,,,,,,,,,,,,,,,,,,,,,,,,,,,,,,,,,,,,,,,,,,,,,,,,,,,,,,,,,,,,,,,,
Chile,CHL,Real interest rate (%),FR.INR.RINR,,,,,,,,,,,,,,,,,,,,,,,,,,-1.211433267,4.03791192,5.416926307,-0.414447088,19.56212916,21.55469919,5.918426109,9.259425199,10.860314,5.133201704,5.8012143,12.76720706,11.94194868,19.24062833,10.21196977,9.834873251,7.30156424,4.274612252,1.801028213,-1.773195332,-0.413027487,-3.872201041,3.409024449,12.91047019,3.545972117,-3.768795807,5.587457772,9.223378344,6.846326434,2.121025308,0.534100505,0.982913241,-0.262655301,2.547312161,,,,,,
China,CHN,Real interest rate (%),FR.INR.RINR,,,,,,,,,,,,,,,,,,,,,1.2416394,2.62034423,7.350672131,5.97409667,2.149559564,-2.07731742,3.105961227,2.700243226,-2.772033113,2.52069312,3.451644667,1.804311855,0.415635119,-3.651372091,-7.989744154,-1.412648188,3.354970473,6.911698894,7.356478446,7.204050341,3.710664082,3.72666389,4.679724345,2.638146636,-1.282811705,1.613277503,2.110577727,-0.259570586,-2.305615343,5.531122909,-1.002401214,-1.402428747,3.585203529,3.755387055,4.522308432,4.353072252,2.901815389,0.112553973,0.821501872,3.024384821,3.838601204,-0.193517051,2.481076076,4.961288028,
Cote d'Ivoire,CIV,Real interest rate (%),FR.INR.RINR,,,,,,,,,,,,,,,,,,,,,,,,,,,,,,,,,,,,,,,,,,,,,,5.763991453,3.331830891,1.613289963,-0.368943718,3.724734135,3.543389896,-0.428915663,5.465350419,2.343357493,0.891700761,0.361232955,6.552136669,6.246748203,,,,,,,
Cameroon,CMR,Real interest rate (%),FR.INR.RINR,,,,,,,,,,,,,,,,,,,,,,,,,,,,,,,,,,,,,,,,,,,,,,,,,,,,,,,,,,,,,,,,,
"Congo, Dem. Rep.",COD,Real interest rate (%),FR.INR.RINR,,,,,,,,,,,,,,,,,,,,,,,,,,,,,,,,,,,,,,,,,,,,,,,29.21733254,22.22435169,18.83434227,24.69477027,29.58282582,26.33035023,21.24473863,16.14723359,17.52473816,20.76675035,14.08405653,-15.69024723,-4.771255751,19.68020037,21.22869604,7.227882784,,,
"Congo, Rep.",COG,Real interest rate (%),FR.INR.RINR,,,,,,,,,,,,,,,,,,,,,,,,,,,,,,,,,,,,,,,,,,,,,,,,,,,,,,,,,,,,,,,,,
Colombia,COL,Real interest rate (%),FR.INR.RINR,,,,,,,,,,,,,,,,,,,,,,,,,,,8.555625925,13.8660468,11.19027451,14.20065914,-5.098230827,15.28657276,11.45805937,8.358405004,14.54666917,19.54132454,20.95820732,14.43888089,23.37814846,14.9195709,-11.13795592,13.33248084,9.775204902,7.823797978,7.270509663,9.36261383,6.697295974,9.67644438,8.821016978,8.594547354,5.372224027,4.542964842,8.655350954,8.90797441,8.442949352,8.785473732,9.032095057,8.134491128,7.15306949,7.467547259,8.246607616,1.424587394,0.819154153,13.81899976,
Comoros,COM,Real interest rate (%),FR.INR.RINR,,,,,,,,,,,,,,,,,,,,,,,,,,,,,,,,,,,,,,,,7.423877939,17.22841609,3.102288969,7.515882486,6.394622004,7.362180946,10.65047544,7.16630934,6.71696605,7.131475931,9.421063332,8.679453451,7.233986482,5.974382469,8.597206408,9.584916783,11.08079697,8.63689164,10.05702692,8.508150666,6.036798774,7.3746956,7.692483305,2.946216737,,
Cabo Verde,CPV,Real interest rate (%),FR.INR.RINR,,,,,,,,,,,,,,,,,,,,,,,,,,,,,,,,,,,,,,,,,,,,,,,5.891057434,-6.761807957,6.0515898,8.849125474,10.31796103,6.874906426,9.160677954,8.967572419,11.00511684,8.645325498,7.795759333,8.08633612,7.146958078,8.387679996,7.799794655,6.185881261,1.399741622,3.59940973,
Costa Rica,CRI,Real interest rate (%),FR.INR.RINR,,,,,,,,,,,,,,,,,,,,,,,-32.12862158,-4.40660921,1.118727632,0.308143301,3.175981005,12.41910814,8.287714676,12.07900235,11.81696709,-15.71773787,7.293129405,17.73455852,15.00413622,12.75093629,9.731995023,6.798727784,9.411567169,13.24650873,14.16902249,12.86156668,15.14732856,13.49781682,8.888553211,10.30188948,8.146284034,2.064435159,3.952220959,9.135716342,9.811593181,11.04527389,12.86966435,10.13299571,8.187917606,9.887063287,9.493883461,8.269830327,8.739207219,6.024715568,5.820520183,3.065307094,1.016618065,9.192541675,
Caribbean small states,CSS,Real interest rate (%),FR.INR.RINR,,,,,,,,,,,,,,,,,,,,,,,,,,,,,,,,,,,,,,,,,,,,,,,,,,,,,,,,,,,,,,,,,
Cuba,CUB,Real interest rate (%),FR.INR.RINR,,,,,,,,,,,,,,,,,,,,,,,,,,,,,,,,,,,,,,,,,,,,,,,,,,,,,,,,,,,,,,,,,
Curacao,CUW,Real interest rate (%),FR.INR.RINR,,,,,,,,,,,,,,,,,,,,,,,,,,,,,,,,,,,,,,,,,,,,,,,,,,,,,,,,,,,,,,,,,
Cayman Islands,CYM,Real interest rate (%),FR.INR.RINR,,,,,,,,,,,,,,,,,,,,,,,,,,,,,,,,,,,,,,,,,,,,,,,,,,,,,,,,,,,,,,,,,
Cyprus,CYP,Real interest rate (%),FR.INR.RINR,,,,,,,,,,,,,,,,,,,,,,,,,,,,,,,,,,,,,,,,,,,,,,,,,,,,,,,,,,,,,,,,,
Czechia,CZE,Real interest rate (%),FR.INR.RINR,,,,,,,,,,,,,,,,,,,,,,,,,,,,,,,,,,-5.733442061,0.691074581,3.38363954,2.39677581,4.476757779,2.703654957,5.400742274,5.309357653,2.155475589,3.817003377,4.473498357,1.893565366,5.652207129,4.877103517,2.150916824,4.141457519,3.258577084,6.404026198,5.952128878,4.009470324,3.651868522,1.887110784,3.010827113,2.380513351,1.874562608,0.708328266,-0.149541365,-1.121285332,-0.80002465,-4.091328483,-3.21389906,
Germany,DEU,Real interest rate (%),FR.INR.RINR,,,,,,,,,,,,,,,,,,,,,,,,,,,,,,,,,,,,,,,,,,,,,,,,,,,,,,,,,,,,,,,,,
Djibouti,DJI,Real interest rate (%),FR.INR.RINR,,,,,,,,,,,,,,,,,,,,,,,,,,,,,,,,,,,,,,,,,,,,,,,,,,,,,,,,,,,,,,,,,
Dominica,DMA,Real interest rate (%),FR.INR.RINR,,,,,,,,,,,,,,,,,,,,,,,5.223726049,2.785644872,4.741481099,2.623264345,5.061915383,5.263422009,6.467176058,2.628577597,7.798427902,3.312168295,6.836389293,9.002863365,3.689132053,10.6334505,7.907217889,9.589633935,8.51612785,8.640135632,13.70790618,8.870512021,10.10243838,15.09069799,4.961301541,11.53343415,6.97032746,7.528155801,7.44339375,1.866025143,9.13092815,7.036470594,11.22470262,5.317814014,9.262044831,1.730795516,4.416291318,11.50180136,4.952356544,2.925515094,8.124913964,3.175850948,2.87163795,2.983837767,
Denmark,DNK,Real interest rate (%),FR.INR.RINR,,,,,,,,,,,,,,,,,,,,,,,,,,,,,,,,,,,,,,,,,,,,,,,,,,,,,,,,,,,,,,,,,
Dominican Republic,DOM,Real interest rate (%),FR.INR.RINR,,,,,,,,,,,,,,,,,,,,,,,,,,,,,,,,-33.35679961,21.57059656,23.72389426,16.83749661,19.1788932,19.35418227,10.55750858,17.96897087,20.42761914,18.27424,17.18452238,17.89582066,-1.550914208,-8.635252014,17.32624119,12.03451371,7.609744711,8.654014357,14.14294579,6.347720679,6.930587162,9.880588134,8.499705584,9.184329642,12.10554541,12.8346074,9.338161416,8.079225853,9.715764841,5.973957523,1.699015129,1.025970295,7.527087782,
Algeria,DZA,Real interest rate (%),FR.INR.RINR,,,,,,,,,,,,,,,,,,,,,,,,,,,,,,,,,,,,-7.902165938,-4.049207359,8.136645382,15.1040086,-0.095922627,-10.334378,1.375406936,7.112828503,-0.75036145,-3.092518538,-3.8817475,-2.510519977,0.844558435,-6.183124664,16.59761447,-6.539563572,-7.620226489,-0.002265262,7.044358287,6.4559998,13.66835056,7.08263567,2.91790628,1.728749772,7.054714548,13.33987672,-6.84242363,-12.16031645,7.084596921,
East Asia & Pacific (excluding high income),EAP,Real interest rate (%),FR.INR.RINR,,,,,,,,,,,,,,,,,,,,,,,,,,,,,,,,,,,,,,,,,,,,,,,,,,,,,,,,,,,,,,,,,
Early-demographic dividend,EAR,Real interest rate (%),FR.INR.RINR,,,,,,,,,,,,,,,,,,,,,,,,,,,,,,,,,,,,,,,,,,,,,,,,,,,,,,,,,,,,,,,,,
East Asia & Pacific,EAS,Real interest rate (%),FR.INR.RINR,,,,,,,,,,,,,,,,,,,,,,,,,,,,,,,,,,,,,,,,,,,,,,,,,,,,,,,,,,,,,,,,,
Europe & Central Asia (excluding high income),ECA,Real interest rate (%),FR.INR.RINR,,,,,,,,,,,,,,,,,,,,,,,,,,,,,,,,,,,,,,,,,,,,,,,,,,,,,,,,,,,,,,,,,
Europe & Central Asia,ECS,Real interest rate (%),FR.INR.RINR,,,,,,,,,,,,,,,,,,,,,,,,,,,,,,,,,,,,,,,,,,,,,,,,,,,,,,,,,,,,,,,,,
Ecuador,ECU,Real interest rate (%),FR.INR.RINR,,,,,,,,,,,,,,,,,,,,,,,,,,,,,,,,,,,,,,,,,,,,,,,,,,,,,,,,,,,,,,,,,
"Egypt, Arab Rep.",EGY,Real interest rate (%),FR.INR.RINR,,,,,,,,,,,,,,,,,-3.167914566,-3.119680241,0.565092117,-9.311642226,0.802685992,17.58479047,-7.801484774,2.030075188,6.238065866,3.068721728,1.882458579,3.435567132,3.158634196,-0.674911055,1.067535299,3.204638796,1.67092489,9.101241384,7.435419401,4.552157631,7.913220488,3.563452758,10.39189892,11.9358224,8.919600974,11.21451338,10.30003194,6.327025948,1.526903429,6.523640992,4.880796718,-0.077628595,0.107853155,0.71003632,0.818721618,-0.563878053,-6.262719502,3.292157153,0.414129139,1.54106846,6.922011355,-8.758194081,-2.358703013,2.199095783,4.88781543,4.366206699,0.142669652,-5.661308504,
Euro area,EMU,Real interest rate (%),FR.INR.RINR,,,,,,,,,,,,,,,,,,,,,,,,,,,,,,,,,,,,,,,,,,,,,,,,,,,,,,,,,,,,,,,,,
Eritrea,ERI,Real interest rate (%),FR.INR.RINR,,,,,,,,,,,,,,,,,,,,,,,,,,,,,,,,,,,,,,,,,,,,,,,,,,,,,,,,,,,,,,,,,
Spain,ESP,Real interest rate (%),FR.INR.RINR,,,,,,,,,,,,,,,,,,,,,,,,,,,,,,,,,,,,,,,,,,,,,,,,,,,,,,,,,,,,,,,,,
Estonia,EST,Real interest rate (%),FR.INR.RINR,,,,,,,,,,,,,,,,,,,,,,,,,,,,,,,,,,,,,,,,,,,,,,,,,,,,,,,,,,,,,,,,,
Ethiopia,ETH,Real interest rate (%),FR.INR.RINR,,,,,,,,,,,,,,,,,,,,,,,,,,-17.67065668,13.22028145,12.90948702,2.807315014,0.393303173,2.642189474,-10.98741925,-6.519588636,0.549614575,11.0775593,2.108988458,13.64489849,10.27211655,10.66616185,8.177187343,3.831148609,17.6354832,12.7439479,-5.114907985,2.972377102,-2.617063494,-4.08090893,-8.292553683,-17.12177624,,,,,,,,,,,,,,,,
European Union,EUU,Real interest rate (%),FR.INR.RINR,,,,,,,,,,,,,,,,,,,,,,,,,,,,,,,,,,,,,,,,,,,,,,,,,,,,,,,,,,,,,,,,,
Fragile and conflict affected situations,FCS,Real interest rate (%),FR.INR.RINR,,,,,,,,,,,,,,,,,,,,,,,,,,,,,,,,,,,,,,,,,,,,,,,,,,,,,,,,,,,,,,,,,
Finland,FIN,Real interest rate (%),FR.INR.RINR,,,,,,,,,,,,,,,,,,,,,,,,,,,,,,,,,,,,,,,,,,,,,,,,,,,,,,,,,,,,,,,,,
Fiji,FJI,Real interest rate (%),FR.INR.RINR,,,,,,,,,,,,,,,,,,,,,,,,,,,,,,,,,5.778873431,4.337874671,10.52646548,9.994110554,8.039288676,7.49017957,2.036998538,1.905722559,13.76716679,4.938892905,4.634663663,-0.093110327,4.868426454,0.12637703,3.473075989,5.805544749,5.715797036,6.374077023,3.127572744,-1.759995185,3.308231576,2.396639496,-5.99464056,3.177970316,3.135431678,3.974547618,4.191844428,4.411148973,7.784400836,8.673453795,2.912603954,0.836818516,
France,FRA,Real interest rate (%),FR.INR.RINR,,,,,,,,,,,,,,,,,,,,,,,,,,,,,,,,,,,,,,,,,,,,,,,,,,,,,,,,,,,,,,,,,
Faroe Islands,FRO,Real interest rate (%),FR.INR.RINR,,,,,,,,,,,,,,,,,,,,,,,,,,,,,,,,,,,,,,,,,,,,,,,,,,,,,,,,,,,,,,,,,
"Micronesia, Fed. Sts.",FSM,Real interest rate (%),FR.INR.RINR,,,,,,,,,,,,,,,,,,,,,,,,,,,,,,,,,,,,12.47189331,12.88941453,14.25596153,11.65997456,16.07572735,14.09897903,14.06519173,15.16653283,15.42027449,14.24024467,13.98474595,14.03593423,10.52113421,8.926581578,9.508567183,11.12614224,12.55405106,6.718942254,14.96771926,12.30404447,22.11128033,13.21584386,5.969514082,5.95994898,18.77563452,18.86248155,10.42997415,,,
Gabon,GAB,Real interest rate (%),FR.INR.RINR,,,,,,,,,,,,,,,,,,,,,,,,,,,,,,,,,,,,,,,,,,,,,,,,,,,,,,,,,,,,,,,,,
United Kingdom,GBR,Real interest rate (%),FR.INR.RINR,,,,,,,,2.646966936,2.110721441,0.56871428,-1.82936155,-0.44971208,0.290841683,-0.382676747,-5.266169049,-12.16740695,-3.485790044,-4.220039242,-2.121343145,-0.3258913,-2.832918813,1.510933362,4.200561514,4.473298586,4.427354435,6.389135555,6.293170956,4.073338967,3.733549894,5.471718155,6.378848663,4.957660397,6.041855301,3.193314356,4.013230391,-4.301166961,1.748871595,6.720098453,5.873003368,3.909559539,4.788497143,3.557367143,1.841917583,1.27823498,1.745980732,1.658371656,1.795678025,3.189036251,1.206755425,-1.228910117,-1.072045031,-1.65955031,-1.026900718,-1.576192178,-0.808242607,,,,,,,,,,
Georgia,GEO,Real interest rate (%),FR.INR.RINR,,,,,,,,,,,,,,,,,,,,,,,,,,,,,,,,,,,,,,,,,,,,19.65594994,12.59150174,8.908861373,7.942062786,6.95969854,7.712041662,20.43860617,-0.052416138,5.334216452,14.47513678,14.3391998,6.998579186,6.748175912,10.1159781,3.662257128,7.377483629,6.558656698,4.635435104,2.06923029,5.10459322,10.26012186,
Ghana,GHA,Real interest rate (%),FR.INR.RINR,,,,,,,,,,,,,,,,,,,,,,,,,,,,,,,,,,,,,,,,,,,,,,,,,,,,,,,,,,,,,,,,,
Gibraltar,GIB,Real interest rate (%),FR.INR.RINR,,,,,,,,,,,,,,,,,,,,,,,,,,,,,,,,,,,,,,,,,,,,,,,,,,,,,,,,,,,,,,,,,
Guinea,GIN,Real interest rate (%),FR.INR.RINR,,,,,,,,,,,,,,,,,,,,,,,,,,,-32.8072595,-9.633813505,-5.469330123,-4.141396945,3.314727695,-1.048072247,0.617798332,23.66678603,20.28236584,14.6752858,19.15785737,18.79631043,15.71537969,15.01263906,12.29996312,10.93101569,,,,,,,,,,,,,,,,,,,,,,,
"Gambia, The",GMB,Real interest rate (%),FR.INR.RINR,,,,,,,,,,,,,,,,,,,,,,,,,,-17.88547999,-8.907682262,7.948365224,18.08058833,11.51499525,12.98220621,-45.94845708,24.32561222,19.91682355,20.45012127,20.27487219,15.80848626,33.46679226,18.93827331,27.09540134,21.31056585,21.80095962,12.32764712,14.56180197,-29.70805924,29.58576079,28.0808453,22.50814651,23.93164352,21.51562863,20.21468541,22.40355815,23.26043865,20.83094149,22.13467873,,,24.13189631,19.68012043,20.46808658,25.25839564,11.28481801,9.357836646,4.453296545,
Guinea-Bissau,GNB,Real interest rate (%),FR.INR.RINR,,,,,,,,,,,,,,,,,,,,,,,,,,,,,,,,,,,,,,,,,,,,,,7.033614909,9.377997438,-1.16859706,-6.898170915,9.15282226,-0.096642279,-2.947827756,5.067767332,6.278306341,3.989016188,-8.178068285,2.386478895,-4.761146387,,,,,,,
Equatorial Guinea,GNQ,Real interest rate (%),FR.INR.RINR,,,,,,,,,,,,,,,,,,,,,,,,,,,,,,,,,,,,,,,,,,,,,,,,,,,,,,,,,,,,,,,,,
Greece,GRC,Real interest rate (%),FR.INR.RINR,,,,,,,,,,,,,,,,,,,,,,,,,,,,,,,,,,,,,,,,,,,,,,,,,,,,,,,,,,,,,,,,,
Grenada,GRD,Real interest rate (%),FR.INR.RINR,,,,,,,,,,,,,,,,,,,,,,,7.8356291,10.78175133,5.358728924,4.279088426,8.783509374,7.847316973,5.211646053,3.05430969,12.30758513,5.279920869,7.702599485,9.765036458,7.594953394,7.784522041,7.128352362,9.285551858,9.823877838,10.383237,8.493010368,7.87371781,10.89653084,12.13463967,7.991377657,7.391312726,4.988611962,7.267924037,1.558916371,11.00404266,10.0470161,10.43803745,5.580645485,6.166845617,8.346067682,6.037649233,5.836425342,6.684312296,8.599878241,4.106838563,7.154646579,3.653053914,4.736474445,2.992578803,
Greenland,GRL,Real interest rate (%),FR.INR.RINR,,,,,,,,,,,,,,,,,,,,,,,,,,,,,,,,,,,,,,,,,,,,,,,,,,,,,,,,,,,,,,,,,
Guatemala,GTM,Real interest rate (%),FR.INR.RINR,,,,,,,,,,,,,,,,,,,,,,,,,,,,,,,,,,,,,,9.588412693,6.448926428,13.77560364,13.15317506,26.02784521,9.763381368,10.05740833,7.344549242,6.969818057,7.411952972,5.341266302,3.641592342,9.892832099,7.803198652,6.113829832,9.778618455,9.906354068,10.60955538,10.75584871,10.12049423,11.11202392,11.50541688,8.859152325,9.383973364,8.744200525,5.274930979,4.988067349,
Guam,GUM,Real interest rate (%),FR.INR.RINR,,,,,,,,,,,,,,,,,,,,,,,,,,,,,,,,,,,,,,,,,,,,,,,,,,,,,,,,,,,,,,,,,
Guyana,GUY,Real interest rate (%),FR.INR.RINR,,,,,,,,,,,,,,,,,,,,,,8.778220754,9.657107611,5.582384315,-3.589612088,0.42782349,2.410327062,-27.54117256,-6.936632349,-54.69841643,-15.14568615,-43.05818134,15.62141973,2.062071715,1.534184849,6.113205867,13.33847421,15.37895561,13.39943163,5.303299611,10.05349534,16.6319782,13.35647552,9.810426511,7.273623534,6.418515761,-58.3271743,5.914206812,4.589259232,13.235672,10.1656426,11.75877642,8.721191673,14.11241913,15.26002232,9.542339621,11.99409599,10.66604441,16.35987741,7.301759348,48.52033122,-11.06269277,-3.251618872,24.37957422,
High income,HIC,Real interest rate (%),FR.INR.RINR,,,,,,,,,,,,,,,,,,,,,,,,,,,,,,,,,,,,,,,,,,,,,,,,,,,,,,,,,,,,,,,,,
"Hong Kong SAR, China",HKG,Real interest rate (%),FR.INR.RINR,,,,,,,,,,,,,,,,,,,,,,,,,,,,,,,2.263855922,0.25313792,-2.334882886,-1.945439163,0.991023224,4.567132494,2.490603028,2.964873857,8.571398328,13.13357531,13.10997092,8.773424937,8.80561311,11.71127801,8.932390632,6.367951101,8.496911606,4.290472475,3.980014028,5.395674469,4.716603382,1.060783611,1.405356718,3.130773331,2.090160304,1.308743214,3.307542281,2.060071061,1.333319667,2.99794473,4.334042986,4.287055146,3.3585866,2.912190925,
Honduras,HND,Real interest rate (%),FR.INR.RINR,,,,,,,,,,,,,,,,,,,,,,,8.130636193,11.65091413,12.52720682,14.39927492,13.69643576,13.0074711,5.676525794,3.516751219,-6.366507517,-3.491085581,17.37092159,10.05306851,2.749490935,2.615736404,9.770487562,13.05954277,18.48929367,20.98686506,17.43690983,14.50701917,16.70233414,14.22506592,12.61077139,10.76809208,11.47428245,9.359386039,9.412844122,10.95295752,13.55479289,9.971806992,14.35696298,18.45328242,12.88062187,12.83497683,15.09853656,14.10912758,15.55407811,13.52611851,13.15950051,10.85992656,4.843586541,7.74172345,
Heavily indebted poor countries (HIPC),HPC,Real interest rate (%),FR.INR.RINR,,,,,,,,,,,,,,,,,,,,,,,,,,,,,,,,,,,,,,,,,,,,,,,,,,,,,,,,,,,,,,,,,
Croatia,HRV,Real interest rate (%),FR.INR.RINR,,,,,,,,,,,,,,,,,,,,,,,,,,,,,,,,,,-1.479531828,-41.95712884,-2.635266745,17.99074319,8.024112034,7.000457254,11.0427697,7.400463111,5.105227674,8.666442979,6.976161991,7.837072426,7.83280466,5.82660114,4.837226928,4.302065781,8.320792373,9.370335825,7.883223416,7.957066768,8.451835241,8.442771615,,,,,,,,,,
Haiti,HTI,Real interest rate (%),FR.INR.RINR,,,,,,,,,,,,,,,,,,,,,,,,,,,,,,,,,,,-29.48663993,-2.560832097,9.18800988,1.362148035,1.395075681,7.532693464,-39.12982237,4.063344806,7.000963742,4.427537816,4.942942782,11.92660453,11.3183065,18.22175187,4.558151262,5.132279683,9.393317859,6.987364203,0.671275932,0.597120821,8.36864816,7.335487261,-2.135389703,-0.905881386,6.163884496,-4.740152627,-3.413247764,-4.718161778,-13.11914161,-13.15302126,
Hungary,HUN,Real interest rate (%),FR.INR.RINR,,,,,,,,,,,,,,,,,,,,,,,,,,,,,0.176349599,1.344815693,2.473977924,-0.414709331,9.497899981,3.419028476,6.618854514,4.636167513,4.410760448,1.252168709,4.841254061,7.603942145,2.752713327,0.963652219,1.921863015,3.955080634,7.35881292,5.76253091,4.266708401,3.454232985,5.1290212,6.56224477,4.929511313,6.270716359,5.937038459,3.387825758,0.727927851,0.123325583,0.758582251,-2.449840292,-3.220353563,-2.855934221,-4.165625787,-3.264501158,-3.130410331,0.481988652,
IBRD only,IBD,Real interest rate (%),FR.INR.RINR,,,,,,,,,,,,,,,,,,,,,,,,,,,,,,,,,,,,,,,,,,,,,,,,,,,,,,,,,,,,,,,,,
IDA & IBRD total,IBT,Real interest rate (%),FR.INR.RINR,,,,,,,,,,,,,,,,,,,,,,,,,,,,,,,,,,,,,,,,,,,,,,,,,,,,,,,,,,,,,,,,,
IDA total,IDA,Real interest rate (%),FR.INR.RINR,,,,,,,,,,,,,,,,,,,,,,,,,,,,,,,,,,,,,,,,,,,,,,,,,,,,,,,,,,,,,,,,,
IDA blend,IDB,Real interest rate (%),FR.INR.RINR,,,,,,,,,,,,,,,,,,,,,,,,,,,,,,,,,,,,,,,,,,,,,,,,,,,,,,,,,,,,,,,,,
Indonesia,IDN,Real interest rate (%),FR.INR.RINR,,,,,,,,,,,,,,,,,,,,,,,,,,,18.82609796,4.881607487,13.442823,11.15598824,10.75316306,15.41486706,15.60691171,1.203573126,9.263077251,8.162954671,9.699419192,8.21356548,-24.60016808,11.82652643,-1.654212471,3.719985957,12.3224125,10.85207115,5.134410231,-0.245735467,1.658151422,2.339674091,-3.852245026,5.747952096,-1.746097536,4.594376749,7.750188565,6.374931242,6.792118581,8.349910635,9.224432344,6.501563996,6.471249839,8.62940479,9.98592672,2.75322395,-0.95529661,7.281955254,
IDA only,IDX,Real interest rate (%),FR.INR.RINR,,,,,,,,,,,,,,,,,,,,,,,,,,,,,,,,,,,,,,,,,,,,,,,,,,,,,,,,,,,,,,,,,
Isle of Man,IMN,Real interest rate (%),FR.INR.RINR,,,,,,,,,,,,,,,,,,,,,,,,,,,,,,,,,,,,,,,,,,,,,,,,,,,,,,,,,,,,,,,,,
India,IND,Real interest rate (%),FR.INR.RINR,,,,,,,,,,,,,,,,,,,10.77463133,-1.061145746,4.476508261,5.118236741,7.774707244,7.320986685,7.94709992,8.681673585,9.093224145,6.560180094,7.638632996,7.435843248,5.269526998,3.624716596,9.132749406,5.814776512,4.337109738,5.864178109,7.7929943,6.909578995,5.121276329,9.191247322,8.342610831,8.591449296,7.907177189,7.30788116,4.910128303,4.855145172,2.570606702,5.681844065,3.77175625,4.808592108,-1.983859221,1.317980862,2.473520489,3.865992863,6.69517609,7.556488414,6.232711415,5.327608862,5.36166639,6.894875427,4.135999578,0.316945144,1.704610929,,
Not classified,INX,Real interest rate (%),FR.INR.RINR,,,,,,,,,,,,,,,,,,,,,,,,,,,,,,,,,,,,,,,,,,,,,,,,,,,,,,,,,,,,,,,,,
Ireland,IRL,Real interest rate (%),FR.INR.RINR,,,,,,,,,,,,,,,,,,,,,,,,,,,,,,,,,,,,,,,,,,,,,,,,,,,,,,,,,,,,,,,,,
"Iran, Islamic Rep.",IRN,Real interest rate (%),FR.INR.RINR,,,,,,,,,,,,,,,,,,,,,,,,,,,,,,,,,,,,,,,,,,,,,-6.461675857,-3.467024754,-0.508448106,-8.897954188,-6.214920244,7.076087984,-3.350481528,-16.79755009,-6.686527474,-18.84519306,3.86413889,13.98544676,7.861272686,,,,,,,,
Iraq,IRQ,Real interest rate (%),FR.INR.RINR,,,,,,,,,,,,,,,,,,,,,,,,,,,,,,,,,,,,,,,,,,,6.316229749,1.004674317,-3.445455287,-16.51539408,-7.053046888,3.79616044,-8.419722882,44.33097173,-1.922094573,-8.467921829,10.90655086,13.58787276,18.28905906,57.62593122,26.39970828,,,,,,,,
Iceland,ISL,Real interest rate (%),FR.INR.RINR,,,,,,,,,,,,,,,,,,,,,,,-4.325765963,-19.48904659,-3.189945118,0.390247039,-4.664420259,5.554013545,5.798262291,4.149360479,0.878499145,8.444881355,9.280595848,12.05564476,7.7612354,8.335889677,9.713222928,9.865850697,7.705447016,9.469769491,12.28092481,8.505916523,8.967920185,11.40205425,9.098273308,11.36328502,8.555127009,14.33644941,7.143954326,7.385020293,3.655369094,4.463192565,4.72101403,5.901739895,3.457644457,1.466679258,5.843688141,6.260183009,4.212530388,2.386847746,1.675536616,-0.909890205,-1.182799754,5.517036903,
Israel,ISR,Real interest rate (%),FR.INR.RINR,,,,,,,,,,,,,,,,,,,,,,,,,,,,,,,,,,,,,,,,,,,,,,,,,,,,,,2.66834635,3.2277007,1.099231716,3.030457747,3.455645341,2.805753572,1.601439229,2.3142605,1.009646234,-1.687856846,,
Italy,ITA,Real interest rate (%),FR.INR.RINR,,,,,,,,,,,,,,,,,,,,,,,,,,,,,,8.291348309,5.452176266,6.585797056,11.64704468,10.34007134,8.152557572,7.920644393,8.091711478,7.767710578,6.129394537,4.79735241,5.175823898,4.098202175,3.128116184,2.581328195,2.802701859,3.163790646,3.332053043,3.774839391,4.328629072,2.932157757,3.413420208,2.82160351,3.461197426,3.973647986,3.928657805,3.320481576,2.220281914,2.274864132,1.59237084,1.539375726,0.739269304,0.733185623,-1.251162981,-0.875338875,
Jamaica,JAM,Real interest rate (%),FR.INR.RINR,,,,,,,,,,,,,,,,,2.36180738,1.216593549,-10.1844178,-1.662053785,-2.24424896,7.148892159,7.499940703,0.007327129,-12.79070919,-2.811052272,0.377481935,13.19593008,11.72209101,11.43398394,4.302950753,-8.574057862,-9.51239671,-5.951801115,13.99636859,14.68989268,17.63412732,21.21680819,19.00286121,18.78944944,11.5395515,11.87314992,8.633558839,6.506314028,4.677446369,5.285866926,8.07942404,5.279057528,2.88781677,4.276962292,9.693284432,12.96180044,10.37456239,8.578676322,9.620375908,9.677050802,11.2974879,7.841678201,8.668017564,9.513194465,8.309335384,3.786210143,-1.234776194,-0.031236104,
Jordan,JOR,Real interest rate (%),FR.INR.RINR,,,,,,,,,,,,,,,,,,,,,,,,,,,,,,,,,,,,,,10.95795268,6.230650638,12.74661342,12.26379235,10.08388381,9.169880498,6.999114167,5.006628047,5.490036198,-2.233285551,3.453389478,-11.80766163,5.898580861,0.875955637,2.646406244,3.9901971,2.700469426,5.360006858,6.172976266,6.662253029,6.49396019,6.246631014,7.755163184,8.247864681,4.708471174,4.631108018,7.038072697,
Japan,JPN,Real interest rate (%),FR.INR.RINR,,,,,,,,,,,,,,,,,,,,,,,,,,,,,,,,,,4.312357955,3.93924918,4.050494997,3.117254681,1.934613154,2.348223426,3.444634362,3.449521334,3.087795385,3.301822933,3.48582884,2.924240609,2.90562806,2.548823046,2.606878389,2.846981386,2.306032611,3.545761915,3.174489687,2.180076528,1.664021933,-0.459381592,-0.94844123,0.62219276,1.069144407,,,,,,,
Kazakhstan,KAZ,Real interest rate (%),FR.INR.RINR,,,,,,,,,,,,,,,,,,,,,,,,,,,,,,,,,,,,,,,,,,,,,,,,,,,,,,,,,,,,,,,,,
Kenya,KEN,Real interest rate (%),FR.INR.RINR,,,,,,,,,,,,20.06938633,7.701926991,-1.092377058,-5.64352717,-1.640905658,-7.490083755,-5.902336362,6.712201813,4.128561073,0.942589238,1.410506084,2.605412414,3.572394451,3.835120319,5.257537652,4.864495046,8.157389637,8.026232319,6.815211935,7.332797066,5.745512648,1.825329188,3.413472407,16.42810989,15.80164834,-5.77658854,16.87956849,21.09632603,17.45404878,15.32743345,17.81250097,17.35814064,9.770510927,5.045257597,7.609987546,-8.009866971,4.819090788,-0.984996972,-10.09600357,12.52695849,4.526185832,9.313511345,9.29394636,8.249078992,6.268805783,10.11812871,5.656747616,8.487960475,7.831100748,6.714634409,7.427581005,5.02892163,7.050093845,
Kyrgyz Republic,KGZ,Real interest rate (%),FR.INR.RINR,,,,,,,,,,,,,,,,,,,,,,,,,,,,,,,,,,,,,20.1214953,36.81333224,43.87352866,15.58210305,23.05040235,30.52082268,33.1909432,19.30883194,17.34746593,13.41396911,12.50607123,7.261727084,3.019118014,21.74040098,12.43804433,1.058988802,13.19759191,17.59058869,10.80871833,19.53336065,17.42687928,12.68917742,15.53033705,8.364750007,11.10267685,0.543018693,-0.829301475,5.017049423,
Cambodia,KHM,Real interest rate (%),FR.INR.RINR,,,,,,,,,,,,,,,,,,,,,,,,,,,,,,,,,,,,,,,,,,,,,,,,,,,,,,,,,,,,,,,,,
Kiribati,KIR,Real interest rate (%),FR.INR.RINR,,,,,,,,,,,,,,,,,,,,,,,,,,,,,,,,,,,,,,,,,,,,,,,,,,,,,,,,,,,,,,,,,
St. Kitts and Nevis,KNA,Real interest rate (%),FR.INR.RINR,,,,,,,,,,,,,,,,,,,,,0.717769745,-6.721451348,2.617702562,8.746617926,5.011927147,7.013256002,4.88139592,4.970902692,3.714168545,5.385347301,3.510706605,7.597846456,5.191597987,8.126660351,4.395984907,10.02909009,10.2131381,5.956906649,8.386958377,8.200496852,17.88365272,7.493374094,7.167938678,10.37383558,6.176204043,11.85115854,-4.263509617,2.778076366,7.24857551,5.51338524,7.938364301,3.582667814,9.438159083,8.435968493,7.984643631,9.467940947,7.933369209,4.14506836,9.020360359,8.44236757,14.20616583,10.83081582,3.509972626,1.448588007,
"Korea, Rep.",KOR,Real interest rate (%),FR.INR.RINR,,,,,,,,,,,,,,,,,,,,,,,,,,,,,,,,,,,,,6.679742736,7.570319386,10.34041448,10.7579741,7.447142697,4.087645473,3.626044041,2.693739372,2.692081299,4.505016532,6.224588621,4.034859563,4.222685184,1.969452026,2.700250556,4.418990751,4.092791268,3.588241715,3.326270741,0.337001849,1.354559423,1.2266202,3.164269211,4.321429493,1.218859926,0.117975152,2.978979865,3.06189297,
Kuwait,KWT,Real interest rate (%),FR.INR.RINR,,,,,,,,,,,,,,,,,,,,-24.8310075,-23.95079053,-1.82519065,8.556014074,19.43044035,8.201300085,3.700359206,46.20476285,-2.636535179,3.646548076,10.27461573,7.911383618,8.648404579,6.050035329,16.5631803,14.31942795,3.355883388,-5.834464731,14.18069143,31.49230024,-8.068204393,-9.670492972,16.90807086,1.268606946,0.472936585,-5.149114942,-11.72097796,-6.539551299,4.054288247,-9.312048743,28.15807975,-5.113880201,-10.26588621,-2.32907656,4.328630682,11.82558148,40.85973759,12.14487177,-9.925022605,-5.815110842,4.926987765,24.65676664,-19.46861685,-12.55289539,13.26000172,
Latin America & Caribbean (excluding high income),LAC,Real interest rate (%),FR.INR.RINR,,,,,,,,,,,,,,,,,,,,,,,,,,,,,,,,,,,,,,,,,,,,,,,,,,,,,,,,,,,,,,,,,
Lao PDR,LAO,Real interest rate (%),FR.INR.RINR,,,,,,,,,,,,,,,,,,,,,,,,,,,,,,,,11.5322976,18.87483107,12.72449402,15.13399663,5.000306938,11.67268672,,-29.932136,-42.09865184,5.771115148,15.88950025,21.64710396,15.02855589,16.76709694,16.7460943,17.32311831,19.60354616,13.90416092,28.54400474,12.28603495,,,,,,,,,,,,,,
Lebanon,LBN,Real interest rate (%),FR.INR.RINR,,,,,,,,,,,,,,,,,,,,,,,,,,,,,,-19.15344956,21.16039869,-6.531972114,-28.9859086,3.034490896,14.84184474,12.65987862,23.06925464,7.838176764,,18.51498374,20.67041118,19.00416046,11.11435384,11.66594611,12.19354397,11.82784324,9.297376921,6.906533194,2.260586371,-0.649418007,7.713429522,4.431035601,-0.220386929,4.649984661,7.161348674,3.633832079,7.414932183,5.396472991,3.385546529,6.166022462,,,,,
Liberia,LBR,Real interest rate (%),FR.INR.RINR,,,,,,,,,,,,,,,,,,,,,,13.96188489,13.02298974,24.23465681,14.58940063,17.94354571,13.91132186,-2.750367591,4.038605161,10.21261561,,8.04274198,16.28638384,,8.714889042,8.502420121,9.324785484,29.81828687,30.43397414,15.65771514,-21.64040163,21.26684749,21.90277433,1.337680824,1.058508133,16.4626541,5.834631673,2.703595526,-2.495873094,17.38281664,7.257863943,2.54895434,5.307353478,8.378989667,12.58084393,13.53546469,6.185715732,16.29470396,,,,,,,
Libya,LBY,Real interest rate (%),FR.INR.RINR,,,,,3.26047467,1.902090017,-0.952871415,0.814827093,1.437688206,6.355237317,6.91233145,-11.13229859,5.617312444,-12.6674712,-24.37065582,14.34919377,1.284760438,-0.827647433,11.99371238,-15.48524797,-19.67097654,-2.647594237,18.52008963,6.113716406,14.4434833,8.357253913,16.0998871,-11.50146024,30.1311607,5.879940262,2.194298885,12.78274808,-2.012059412,5.279581603,,,,,,-17.67860426,-5.566178581,-0.172482038,-15.91177364,-6.437915462,-13.47576608,-17.45645574,-11.15159928,3.475825037,-14.3153031,41.04610281,-11.1323837,-14.75176708,0.017049601,5.909561345,7.077849938,,,,,,,,,,
St. Lucia,LCA,Real interest rate (%),FR.INR.RINR,,,,,,,,,,,,,,,,,,,,,,5.913103309,23.11125538,11.04926237,-4.14422413,9.868143356,9.833815225,5.573190261,10.49696769,6.350404818,2.681317933,6.089792134,10.87546923,10.70222547,8.267746271,7.250363083,12.30265291,9.53408906,8.76067737,10.22054708,11.81528447,14.01282571,12.12586335,9.287497971,10.28978127,3.469106,5.332397301,6.304614312,7.36560346,10.23099536,4.926560929,8.47001457,7.339185449,2.895599233,5.027562021,5.442207065,8.532953134,4.719840507,7.860254319,5.211018041,13.25264176,-4.333406894,2.199998094,4.842708966,
Latin America & Caribbean,LCN,Real interest rate (%),FR.INR.RINR,,,,,,,,,,,,,,,,,,,,,,,,,,,,,,,,,,,,,,,,,,,,,,,,,,,,,,,,,,,,,,,,,
Least developed countries: UN classification,LDC,Real interest rate (%),FR.INR.RINR,,,,,,,,,,,,,,,,,,,,,,,,,,,,,,,,,,,,,,,,,,,,,,,,,,,,,,,,,,,,,,,,,
Low income,LIC,Real interest rate (%),FR.INR.RINR,,,,,,,,,,,,,,,,,,,,,,,,,,,,,,,,,,,,,,,,,,,,,,,,,,,,,,,,,,,,,,,,,
Liechtenstein,LIE,Real interest rate (%),FR.INR.RINR,,,,,,,,,,,,,,,,,,,,,,,,,,,,,,,,,,,,,,,,,,,,,,,,,,,,,,,,,,,,,,,,,
Sri Lanka,LKA,Real interest rate (%),FR.INR.RINR,,,,,,,,,,,,,,,,,,,,,,,,,,,,,,,,,,,,,,,,,,0.514847021,4.676585245,1.468679128,0.611364964,0.312845407,1.413562674,2.6732136,2.204690475,9.248011791,-13.17004174,5.223912626,2.551872342,5.835557368,5.80537155,3.827736643,4.789413237,5.780781478,6.959910977,7.098875133,,,,,
Lower middle income,LMC,Real interest rate (%),FR.INR.RINR,,,,,,,,,,,,,,,,,,,,,,,,,,,,,,,,,,,,,,,,,,,,,,,,,,,,,,,,,,,,,,,,,
Low & middle income,LMY,Real interest rate (%),FR.INR.RINR,,,,,,,,,,,,,,,,,,,,,,,,,,,,,,,,,,,,,,,,,,,,,,,,,,,,,,,,,,,,,,,,,
Lesotho,LSO,Real interest rate (%),FR.INR.RINR,,,,,,,,,,,,,,,,,,,,,-21.53231187,2.152199626,22.96715836,3.459962554,8.769773029,0.807771147,-2.440022234,-0.54663196,-5.341751708,3.405381811,7.520733241,1.844037332,3.783612424,4.074970386,6.01611411,3.154219915,11.04345617,8.268647947,9.224945637,10.10923961,10.17067377,4.558152416,2.541936374,13.25297199,2.531567064,5.469852669,2.607098236,22.3046168,-0.456542828,10.41083191,5.587195106,0.916378131,7.767625335,-0.326347465,-3.240849545,0.332986111,11.90309532,9.372696761,-0.330193276,7.490316025,2.278170658,4.930937251,3.273304763,11.49373938,
Late-demographic dividend,LTE,Real interest rate (%),FR.INR.RINR,,,,,,,,,,,,,,,,,,,,,,,,,,,,,,,,,,,,,,,,,,,,,,,,,,,,,,,,,,,,,,,,,
Lithuania,LTU,Real interest rate (%),FR.INR.RINR,,,,,,,,,,,,,,,,,,,,,,,,,,,,,,,,,,,,,,,,,,,,,,,,,,,,,,,,,,,,,,,,,
Luxembourg,LUX,Real interest rate (%),FR.INR.RINR,,,,,,,,,,,,,,,,,,,,,,,,,,,,,,,,,,,,,,,,,,,,,,,,,,,,,,,,,,,,,,,,,
Latvia,LVA,Real interest rate (%),FR.INR.RINR,,,,,,,,,,,,,,,,,,,,,,,,,,,,,,,,,,,,,,,,,,,,,,,,,,,,,,,,,,,,,,,,,
"Macao SAR, China",MAC,Real interest rate (%),FR.INR.RINR,,,,,,,,,,,,,,,,,,,,,,,,,,,0.838587859,-4.589361843,-0.727950199,-1.711301196,-0.473408138,-2.002173755,-6.527349668,-2.771675107,1.123963002,1.587641965,7.128775778,7.93467459,13.16925095,10.77678139,11.84237824,9.610218199,7.545866044,5.946751692,4.000787247,1.401780406,0.942063161,-0.877055801,-4.220971728,4.287932649,0.438440052,-2.084464875,-1.562807742,-2.304426589,-3.201213874,0.704218298,4.35072433,3.035939277,1.688868659,2.883787918,5.533026143,6.193798476,4.134276076,1.312581472,
St. Martin (French part),MAF,Real interest rate (%),FR.INR.RINR,,,,,,,,,,,,,,,,,,,,,,,,,,,,,,,,,,,,,,,,,,,,,,,,,,,,,,,,,,,,,,,,,
Morocco,MAR,Real interest rate (%),FR.INR.RINR,,,,,,,,,,,,,,,,,,,,,,,,,,,,,,,,,,,,,,,,,,,,,,,,,,,,,,,,,,,,,,,,,
Monaco,MCO,Real interest rate (%),FR.INR.RINR,,,,,,,,,,,,,,,,,,,,,,,,,,,,,,,,,,,,,,,,,,,,,,,,,,,,,,,,,,,,,,,,,
Moldova,MDA,Real interest rate (%),FR.INR.RINR,,,,,,,,,,,,,,,,,,,,,,,,,,,,,,,,,,,,1.468585872,6.89444896,18.50801429,19.51665646,-3.038070825,5.063989539,14.81401254,12.46889605,3.850743706,11.99332888,9.069245858,4.152944178,2.516018782,10.81971634,17.98461815,-12.71140672,5.774285124,5.579684183,8.054277576,5.582189224,2.30781539,10.35737418,3.868370945,5.461109875,2.75105923,2.467431084,0.95405304,-6.252693208,3.333637939,
Madagascar,MDG,Real interest rate (%),FR.INR.RINR,,,,,,,,,,,,,,,,,,,,,,,,,,,,,,12.1386915,12.46330729,15.60234804,9.106190173,14.23774467,-7.708603896,-9.582880005,13.1421813,24.73047361,19.57446231,18.71538152,13.71748554,16.29313653,7.512090325,26.40392902,9.307729864,6.345836977,15.69472563,27.1897603,33.97056149,35.24764237,32.46410144,38.15134299,48.03324403,50.76010319,49.90850314,47.14666449,46.84276932,52.43678815,43.48334497,39.87708944,42.71405656,39.04941825,39.18376932,41.29923632,
Maldives,MDV,Real interest rate (%),FR.INR.RINR,,,,,,,,,,,,,,,,,,,,,,,,,,,,,,,,,,,,10.14262445,6.050100744,6.616427819,12.26570761,6.231895899,7.341436258,-27.4166579,9.375668819,6.92865723,0.054121396,3.221342717,0.651146715,-0.423945542,-1.173809497,-1.918670305,6.854780892,-2.158929282,3.316517846,4.11751546,6.943778083,3.520011013,10.52284286,7.841981384,7.159517002,13.00267428,15.4867338,8.496462962,7.267737745,9.616386014,
Middle East & North Africa,MEA,Real interest rate (%),FR.INR.RINR,,,,,,,,,,,,,,,,,,,,,,,,,,,,,,,,,,,,,,,,,,,,,,,,,,,,,,,,,,,,,,,,,
Mexico,MEX,Real interest rate (%),FR.INR.RINR,,,,,,,,,,,,,,,,,,,,,,,,,,,,,,,,,,-17.24857091,10.09533911,14.85667585,7.647439655,3.742606558,9.196889619,7.304444821,5.628259588,5.937646423,2.567250763,2.63026614,-0.628122363,3.59826026,1.323831971,1.350297739,2.253200676,1.730765191,0.869831511,-0.718087415,0.132595618,2.523945474,-0.782518933,0.207059193,-1.247597333,0.717765162,2.695226944,3.939987955,1.645842098,0.386354415,1.579360574,6.827262956,
Marshall Islands,MHL,Real interest rate (%),FR.INR.RINR,,,,,,,,,,,,,,,,,,,,,,,,,,,,,,,,,,,,,,,,,,,,,,,,,,,,,,,,,,,,,,,,,
Middle income,MIC,Real interest rate (%),FR.INR.RINR,,,,,,,,,,,,,,,,,,,,,,,,,,,,,,,,,,,,,,,,,,,,,,,,,,,,,,,,,,,,,,,,,
North Macedonia,MKD,Real interest rate (%),FR.INR.RINR,,,,,,,,,,,,,,,,,,,,,,,,,,,,,,,,,,,,,,,,,,,,,,7.265168467,8.042405696,5.650167967,4.494107878,10.8427361,8.481425489,5.667228211,7.985221755,3.831266848,6.228067079,5.34575818,3.433369965,3.695885564,2.098377491,4.700387849,3.767168601,0.548918285,-3.894990801,-2.158024038,
Mali,MLI,Real interest rate (%),FR.INR.RINR,,,,,,,,,,,,,,,,,,,,,,,,,,,,,,,,,,,,,,,,,,,,,,1.095290981,0.085806009,0.188054616,-2.136725008,0.326434553,0.717035021,-6.174714749,0.414662156,4.604815706,4.018706833,2.207017728,3.891301444,3.14489591,,,,,,,
Malta,MLT,Real interest rate (%),FR.INR.RINR,,,,,,,,,,,,,,,,,,,,,,,,,,,,,,,,,,,,-1.194805996,6.300388758,7.148704224,6.616992982,7.111975729,19.06134618,2.422119512,3.318215265,3.738821575,2.741888749,3.475488349,3.3067195,3.910433884,2.432978246,2.175536974,1.785005224,3.215281886,2.489004407,2.395224409,,,,,,,,,,,
Myanmar,MMR,Real interest rate (%),FR.INR.RINR,,,,,,,,,,,,,,,,,,,,,,,,,,,,,,,,,,,-1.451880736,0.591006433,-2.218673928,-10.08005555,-11.42464205,-2.278477686,15.91564946,-5.112702696,-16.28688017,-1.688845967,14.34386928,-0.589099234,-1.24123728,-2.20053801,6.428890385,15.29814261,12.96659992,8.932044122,12.4792892,11.13445484,11.63482688,11.39204875,11.95216992,9.564810611,10.11846839,10.03298494,9.007834728,,,,
Middle East & North Africa (excluding high income),MNA,Real interest rate (%),FR.INR.RINR,,,,,,,,,,,,,,,,,,,,,,,,,,,,,,,,,,,,,,,,,,,,,,,,,,,,,,,,,,,,,,,,,
Montenegro,MNE,Real interest rate (%),FR.INR.RINR,,,,,,,,,,,,,,,,,,,,,,,,,,,,,,,,,,,,,,,,,,,,,,7.743118248,0.951080777,-5.893611091,1.495141317,6.787809769,7.800658921,8.38313881,9.368898457,7.174729524,8.290364575,6.56797931,2.731273679,3.247479159,3.199830331,4.070538963,6.092972203,0.987900165,-5.97834503,-3.797591398,
Mongolia,MNG,Real interest rate (%),FR.INR.RINR,,,,,,,,,,,,,,,,,,,,,,,,,,,,,,,,,,,,,,,50.9791099,29.87558752,22.27952707,24.35655031,27.40158408,19.65780615,12.66747256,8.719842376,4.055995563,9.137236011,-0.71258074,19.48433853,-13.73017431,1.294458363,4.725331319,15.13409784,10.77405246,18.838079,16.26167578,8.30906022,9.034455714,6.387440867,12.75125152,1.386729673,,,
Northern Mariana Islands,MNP,Real interest rate (%),FR.INR.RINR,,,,,,,,,,,,,,,,,,,,,,,,,,,,,,,,,,,,,,,,,,,,,,,,,,,,,,,,,,,,,,,,,
Mozambique,MOZ,Real interest rate (%),FR.INR.RINR,,,,,,,,,,,,,,,,,,,,,,,,,,,,,,,,,,,,,,17.56896238,17.13856506,9.814969703,6.65105678,6.923638422,15.3657174,20.31051984,15.38905295,11.30718363,10.32928523,11.24485612,12.5124537,13.99832582,8.005407058,16.36688979,13.21858598,12.3968931,13.5647501,7.291755358,8.037660794,18.40940396,18.48662536,13.64253842,13.47592816,13.0234604,10.06097731,17.47238756,
Mauritania,MRT,Real interest rate (%),FR.INR.RINR,,,,,,,,,,,,,,,,,,,,,5.117486193,4.414200729,1.738679651,4.423258498,0.980405516,1.591977317,4.41892338,1.392216638,6.278804875,1.874372837,7.168106837,-22.21371538,9.543413358,5.066841576,6.367719544,17.00805782,19.7756894,8.853672924,5.950435649,22.16710784,18.08317788,15.75537535,13.38634391,15.80556501,9.070382694,7.416376506,8.685112422,13.41139244,8.686177825,19.93046426,-4.367361767,-0.465994039,16.4690906,11.97461482,32.76795084,22.8912964,5.206243594,15.17568811,,,,,,,
Mauritius,MUS,Real interest rate (%),FR.INR.RINR,,,,,,,,,,,,,,,,,,,,,-11.70863593,1.193896783,4.142518212,6.12950195,5.384448146,5.206870139,5.84208742,1.071604918,3.672112727,4.572312978,6.706570629,8.46108967,11.17133131,6.741531481,11.60075662,14.61938378,12.90672296,13.12385509,12.10981084,14.12481706,16.78843037,13.99969162,13.91528471,14.55817329,13.24768651,16.44432848,10.50987653,12.52521688,5.539934772,9.969420877,7.6622718,5.578830172,6.051931322,4.192342742,6.197319227,7.002467571,5.972935427,6.7529814,6.712156095,8.95757108,4.535265343,3.599974573,-1.881747329,0.914376244,
Malawi,MWI,Real interest rate (%),FR.INR.RINR,,,,,,,,,,,,,,,,,,,,,,1.799104605,8.058069489,6.386380355,3.305734888,8.669877934,4.83723939,2.378376786,-6.744743317,0.400388507,9.343061403,8.408610759,7.701139079,1.034010846,3.826620192,-16.86397599,-4.602860421,6.136599129,15.15551417,9.945226613,17.30664374,24.31427809,-29.2213626,34.95417705,19.14440847,20.17504695,10.23841046,22.68550944,11.89045665,16.0798939,11.14606936,8.561928153,12.48735638,14.92753791,19.27787102,20.50879646,19.80120472,25.33620127,24.62277449,16.6583028,16.9443492,14.54262587,6.985625749,8.746252762,
Malaysia,MYS,Real interest rate (%),FR.INR.RINR,,,,,,,,,,4.036026803,9.759154068,9.704132768,8.496940703,-6.798879803,-1.312435133,13.75076898,-2.391779604,2.437539037,-0.455552756,-2.346500948,3.045538122,10.71638514,9.590517579,5.537334854,7.077983517,14.38950648,22.95687765,2.503824191,5.481540543,4.244741986,4.795417723,5.56337121,7.564791778,5.812133912,4.643983009,4.917892769,6.041122478,6.90550976,3.350681619,8.514010655,-1.085738977,8.848512896,3.296312371,2.906032398,0.034478791,-2.673174104,2.409000977,1.456735347,-3.903381938,11.78239296,-2.113277326,-0.471868634,3.748419374,4.467530817,2.068518216,3.307037704,2.825945183,0.79892604,4.277048074,4.801617186,4.801491997,-2.111958612,-2.345278868,7.326807192,
North America,NAC,Real interest rate (%),FR.INR.RINR,,,,,,,,,,,,,,,,,,,,,,,,,,,,,,,,,,,,,,,,,,,,,,,,,,,,,,,,,,,,,,,,,
Namibia,NAM,Real interest rate (%),FR.INR.RINR,,,,,,,,,,,,,,,,,,,,,,,,,,,,,,,,16.39488875,9.018394062,6.9397894,-2.827316484,11.08610642,3.45889198,12.19830926,11.49871896,10.95554851,3.591989766,2.992616599,3.485247986,13.26116179,9.161986184,4.746221087,1.621700839,3.292021005,2.501098534,3.901924605,5.778789664,4.734508011,-2.344442065,4.084375542,0.428951201,5.25645279,1.737319303,0.09799587,5.471387276,8.867377566,3.0938071,5.245250522,2.033559346,4.241104375,
New Caledonia,NCL,Real interest rate (%),FR.INR.RINR,,,,,,,,,,,,,,,,,,,,,,,,,,,,,,,,,,,,,,,,,,,,,,,,,,,,,,,,,,,,,,,,,
Niger,NER,Real interest rate (%),FR.INR.RINR,,,,,,,,,,,,,,,,,,,,,,,,,,,,,,,,,,,,,,,,,,,,,,2.034613046,3.192699986,-2.13477736,-4.671742818,0.755772674,1.583270972,1.235252146,-0.255604358,5.677634437,5.767407214,2.840837677,3.440598192,4.754214605,,,,,,,
Nigeria,NGA,Real interest rate (%),FR.INR.RINR,,,,,,,,,,,-29.26951734,5.576788729,3.991658479,1.569257787,-25.6667594,-13.96816184,-6.867482828,-4.257604521,-6.289567711,-2.994708212,-3.547418215,-65.8571487,-4.586180209,-8.022386439,4.342492625,2.343230572,4.310292249,-4.76964481,-2.962676482,-6.612412439,17.46624444,0.990847345,-14.98716799,-7.052474656,-15.92023297,-31.4525655,-5.260784137,12.12661189,11.48466906,6.047248344,-1.14088864,12.13870249,3.023542279,9.935713381,-2.604847057,-1.593680482,-5.627968048,9.18717123,6.684908634,18.18000167,1.067736065,5.685579859,6.224808614,11.20162222,11.35621302,13.59615325,6.686233623,5.790566865,6.055977158,4.522188496,5.371280211,1.22771853,0.919231895,1.233050487,
Nicaragua,NIC,Real interest rate (%),FR.INR.RINR,,,,,,,,,,,,,,,,,,,,,,,,,,,,,628.3196663,-88.42983653,-97.69347712,-97.52007697,-6.352399138,-3.18962072,-50.15877011,2.544035706,6.702558498,6.761060222,3.219692695,7.642792252,8.821366263,10.5477281,14.57340719,9.700975336,4.071982855,2.033608263,3.437427884,3.06962147,-2.607506513,7.553961895,6.766250246,0.293568631,5.413109787,10.19109054,4.747567196,4.148245658,6.547671257,6.394282936,8.023990436,6.700250378,5.486902398,5.869106819,0.414507365,-1.072654128,
Netherlands,NLD,Real interest rate (%),FR.INR.RINR,,,,,,,,,,,,,,,,,,,,,,,,,,,,,,,,,,,,,,,,2.130823743,1.473352324,0.598810188,0.077629735,0.697957342,1.534179304,0.775883769,0.940804668,2.50343315,2.140271401,1.538937533,1.032394287,1.75309023,0.291989328,0.351053363,,,,,,,,,,,
Norway,NOR,Real interest rate (%),FR.INR.RINR,,,,,,,,,,,,,,,,,,,,,,,,,,,,,,,,,,,,,,,,,,,,,,,,,,,,,,1.752027631,3.943147373,6.486376482,4.743909446,-1.032961377,-3.57599603,3.805170871,5.349419417,-14.92287678,-19.44299027,17.81980506,
Nepal,NPL,Real interest rate (%),FR.INR.RINR,,,,,,,,,,,,,,,,,,,,,,,,,,,,,,,,,,,,,,,,,,,,,,,,,,,,,,,,,,,,,,,,,
Nauru,NRU,Real interest rate (%),FR.INR.RINR,,,,,,,,,,,,,,,,,,,,,,,,,,,,,,,,,,,,,,,,,,,,,,,,,,,,,,,,,,,,,,,,,
New Zealand,NZL,Real interest rate (%),FR.INR.RINR,,,,,,,,,,,,,,,,,,,,,,,,,,,,,,,,,,,,,,,7.859416758,6.427939141,4.791994635,3.595364929,6.857358383,4.828485141,4.226819911,5.649290731,5.33767953,3.129591077,6.035776611,3.912546195,3.001040799,3.553409306,6.024904933,1.317234333,5.297570118,4.25698894,2.548959802,1.103166662,-1.722922091,,,,,,
OECD members,OED,Real interest rate (%),FR.INR.RINR,,,,,,,,,,,,,,,,,,,,,,,,,,,,,,,,,,,,,,,,,,,,,,,,,,,,,,,,,,,,,,,,,
Oman,OMN,Real interest rate (%),FR.INR.RINR,,,,,,,,,,,,,,,,,,,,,,,,,15.81237352,10.80331681,38.4944133,-1.688826108,7.926483105,9.852250302,-22.74949031,19.7502362,7.98687442,15.09031599,8.874666881,7.393019777,1.757676066,11.67523751,23.30289877,-0.259593716,-6.298387363,14.92622803,3.946436784,-1.135814445,-4.050575156,-11.8701672,-6.346796363,-0.638442721,-19.46586253,43.17813749,-6.324582968,-8.079733794,2.214694239,7.911581547,3.407896829,29.71419215,15.45980935,-1.999367849,-5.804866112,8.300898405,18.21419899,-5.923980703,,,
Other small states,OSS,Real interest rate (%),FR.INR.RINR,,,,,,,,,,,,,,,,,,,,,,,,,,,,,,,,,,,,,,,,,,,,,,,,,,,,,,,,,,,,,,,,,
Pakistan,PAK,Real interest rate (%),FR.INR.RINR,,,,,,,,,,,,,,,,,,,,,,,,,,,,,,,,,,,,,,,,,,,,,0.005740735,3.330537511,4.707521704,1.302448554,1.816946963,1.924699354,3.123155872,-1.710998401,3.275933783,4.28626671,4.216252635,5.470839389,7.761265133,4.018325688,4.515568205,2.931793303,0.739692508,-1.452259423,,,
Panama,PAN,Real interest rate (%),FR.INR.RINR,,,,,,,,,,,,,,,,,,,,,,,,,,,,,,,,,,,,,8.871036897,9.310563882,10.00435203,9.757846472,12.18722499,9.407214404,8.504562106,8.712405367,6.051791745,6.874064846,6.369283486,5.770670702,0.399492639,1.216229296,4.641732804,1.924992083,1.322323721,1.173154893,2.140407326,3.378360191,4.024183385,4.883719008,6.139255012,6.516567271,7.540319976,5.444503301,4.635028233,,
Peru,PER,Real interest rate (%),FR.INR.RINR,,,,,,,,,,,,,,,,,,,,,,,,,,-39.27262311,-19.13144011,-28.95887076,-62.77055682,-45.6462856,-31.45967671,61.18594165,46.60393798,32.69033995,22.62187752,19.8771272,19.91616472,22.02446488,25.86627529,31.20635655,25.56984775,24.41195004,20.63384586,18.87154951,17.3087052,21.28436819,15.11949891,21.05116741,22.32387459,18.5944908,12.54947337,11.17808786,17.82002249,16.90330807,12.99478509,13.06382202,12.98525678,12.71220357,11.9886777,12.28326446,8.888580607,0.814299824,7.474525962,,
Philippines,PHL,Real interest rate (%),FR.INR.RINR,,,,,,,,,,,,,,,,,3.337382544,3.352682914,2.417648019,-0.818652926,-0.20536031,3.194510287,8.722557006,4.367419455,-16.1900974,9.867206389,14.23028288,5.433439049,5.613499007,9.321476328,9.8809821,5.73775233,10.74992507,7.371178614,4.53988039,6.540052154,6.640220277,9.425890844,5.771212914,5.117438949,4.810493245,6.421884237,4.708199925,6.085285047,3.955247393,4.035489721,4.44011945,5.357597018,1.466578322,5.672578241,3.163508987,2.640950498,3.613268953,3.63093413,2.399600236,6.34358649,4.306550984,3.231999269,2.292106403,6.354461587,,,,,
Palau,PLW,Real interest rate (%),FR.INR.RINR,,,,,,,,,,,,,,,,,,,,,,,,,,,,,,,,,,,,,,,,,,,,,,,,,,,,,,,,,,,,,,,,,
Papua New Guinea,PNG,Real interest rate (%),FR.INR.RINR,,,,,,,,,,,,,,,,,,,,,,,,-5.963786777,2.979267142,9.763348572,10.82952181,3.676954596,4.407347674,17.61143188,10.92868095,6.704507847,11.33227138,14.13611189,1.777954877,-2.33963429,11.28694944,1.865602659,2.759041661,7.046922706,3.925717979,8.692587939,1.423750151,7.4062393,15.55308044,-0.635761691,-31.1172423,6.792383876,-2.210867236,15.74155594,0.480973312,1.81485584,11.4555568,6.316495981,3.735335805,10.08781132,5.712976777,0.639555495,-0.658125153,7.508808688,5.968777224,-3.542059015,-6.118455677,12.41398207,
Poland,POL,Real interest rate (%),FR.INR.RINR,,,,,,,,,,,,,,,,,,,,,,,,,,,,,,,,,,,,,,,,,,,,,,,,,,,,,,,,,,,,,,,,,
Pre-demographic dividend,PRE,Real interest rate (%),FR.INR.RINR,,,,,,,,,,,,,,,,,,,,,,,,,,,,,,,,,,,,,,,,,,,,,,,,,,,,,,,,,,,,,,,,,
Puerto Rico,PRI,Real interest rate (%),FR.INR.RINR,,,,,,,,,,,,,,,,,,,,,,,,,,,,,,,,,,,,,,,,,,,,,,,,,,,,,,,,,,,,,,,,,
"Korea, Dem. People's Rep.",PRK,Real interest rate (%),FR.INR.RINR,,,,,,,,,,,,,,,,,,,,,,,,,,,,,,,,,,,,,,,,,,,,,,,,,,,,,,,,,,,,,,,,,
Portugal,PRT,Real interest rate (%),FR.INR.RINR,,,,,,,,,,,,,,,,,,,,,,,,,,,,,,,,,,,,,,,,,,,,,,,,,,,,,,,,,,,,,,,,,
Paraguay,PRY,Real interest rate (%),FR.INR.RINR,,,,,,,,,,,,,,,,,,,,,,,,,,,,,,,,,,,25.24181269,25.34473234,22.81907784,27.75467857,16.32145238,21.89273802,14.20353864,16.42689975,22.65700468,37.0207819,24.08131359,19.13485083,23.8660041,14.45835025,15.68312465,27.98723539,24.3017624,11.70584739,11.79426984,14.31208516,17.81994433,17.84574245,13.38659908,14.50938861,13.49296264,12.05332607,11.08900009,3.745212562,,,
West Bank and Gaza,PSE,Real interest rate (%),FR.INR.RINR,,,,,,,,,,,,,,,,,,,,,,,,,,,,,,,,,,,,,,,,,,,,,12.75636656,7.274690462,2.214923387,3.061237667,-8.393294113,4.256106484,-6.062534962,1.296514079,3.986036855,1.681032604,2.639404194,10.89292287,4.810218377,2.486483979,6.19365816,2.005298077,3.224785422,-3.119417484,,,
Pacific island small states,PSS,Real interest rate (%),FR.INR.RINR,,,,,,,,,,,,,,,,,,,,,,,,,,,,,,,,,,,,,,,,,,,,,,,,,,,,,,,,,,,,,,,,,
Post-demographic dividend,PST,Real interest rate (%),FR.INR.RINR,,,,,,,,,,,,,,,,,,,,,,,,,,,,,,,,,,,,,,,,,,,,,,,,,,,,,,,,,,,,,,,,,
French Polynesia,PYF,Real interest rate (%),FR.INR.RINR,,,,,,,,,,,,,,,,,,,,,,,,,,,,,,,,,,,,,,,,,,,,,,,,,,,,,,,,,,,,,,,,,
Qatar,QAT,Real interest rate (%),FR.INR.RINR,,,,,,,,,,,,,,,,,,,,-15.22853433,-19.53595187,0.337510904,16.26228886,26.2692186,10.5522992,16.77748885,40.45807632,1.636297111,4.600458012,8.250786719,-0.184816348,15.1404307,8.36965854,13.01549779,7.145283257,2.252305666,,,,,,,,,-6.119690215,-18.30131687,-1.090435531,-3.191431658,-13.06383636,41.25294814,0.273060307,-10.80839955,-0.892370942,4.312090758,6.543701477,39.48937305,14.30115571,-2.867711715,-6.612818867,9.937804825,22.59952355,-15.20009189,-16.93301458,19.19511594,
Romania,ROU,Real interest rate (%),FR.INR.RINR,,,,,,,,,,,,,,,,,,,,,,,,,,,,,,,,,,-43.05071035,-20.34590377,4.712728259,7.729772833,-26.69067165,4.848395169,10.78045622,7.451516616,5.395730708,10.35798938,1.852768342,8.796296172,6.779794018,3.051434489,-2.130870771,-0.884850924,12.66521517,7.684533044,7.832997541,7.24295338,9.002367571,6.637877828,3.392224696,3.010378624,0.872621781,0.585245895,0.20117835,2.282079524,0.003071632,-3.867242622,-3.058418445,
Russian Federation,RUS,Real interest rate (%),FR.INR.RINR,,,,,,,,,,,,,,,,,,,,,,,,,,,,,,,,,,,,,,14.7604588,19.61608056,-18.95155294,-9.633111443,1.226578507,0.032935385,-0.60017068,-7.328985862,-7.206689911,-4.07869184,-3.344926612,-4.90496209,13.07996529,-2.955083732,-12.85693529,0.176416619,3.937070193,3.397146836,7.894593575,9.484354473,4.945604231,-1.028482595,5.316709231,5.825262121,-10.2423105,-4.503358653,4.248384632,
Rwanda,RWA,Real interest rate (%),FR.INR.RINR,,,,,,,,,,,,,,,,,,,,,,,,,,,,,,,,,,,,,6.612264666,0.945756226,13.19446682,4.694183322,12.78985102,16.81276104,22.62485754,-3.629740307,4.403974458,6.189406767,13.08219824,2.712265756,1.570616657,8.936897631,13.38699224,8.840276161,11.43860558,14.2462824,11.9607651,16.76593404,11.67431236,8.328391907,17.65652261,13.71735061,9.027267721,12.94832223,0.40590478,5.382156617,
South Asia,SAS,Real interest rate (%),FR.INR.RINR,,,,,,,,,,,,,,,,,,,,,,,,,,,,,,,,,,,,,,,,,,,,,,,,,,,,,,,,,,,,,,,,,
Saudi Arabia,SAU,Real interest rate (%),FR.INR.RINR,,,,,,,,,,,,,,,,,,,,,,,,,,,,,,,,,,,,,,,,,,,,,,,,,,,,,,,,,,,,,,,,,
Sudan,SDN,Real interest rate (%),FR.INR.RINR,,,,,,,,,,,,,,,,,,,,,,,,,,,,,,,,,,,,,,,,,,,,,,,,,,,,,,,,,,,,,,,,,
Senegal,SEN,Real interest rate (%),FR.INR.RINR,,,,,,,,,,,,,,,,,,,,,,,,,,,,,,,,,,,,,,,,,,,,,,2.223327325,1.799257241,-1.723489985,-2.986951886,6.781073639,3.453508901,1.346505242,1.709097337,4.053292196,6.95969224,4.041150441,4.298274045,4.514047781,,,,,,,
Singapore,SGP,Real interest rate (%),FR.INR.RINR,,,,,,,,,,,,,,,,,,,3.006598092,3.105355028,0.535024862,7.338346859,5.448404087,5.698663994,8.861425773,9.671383031,8.17523644,5.538085743,0.505967656,1.970538148,2.545503615,3.014293787,4.502318134,1.867598854,2.334747479,3.094595395,4.683237201,5.181291176,8.888631675,9.725802426,1.896581804,7.600674107,6.299247905,7.235892783,1.289416952,3.336078554,3.405513092,-0.55404274,6.856278723,2.356467094,4.225382135,4.160490844,4.860577563,5.836216953,5.632323555,2.210150171,4.836691223,2.318849606,1.665860287,5.465587101,7.88077029,-4.54706642,,,
Solomon Islands,SLB,Real interest rate (%),FR.INR.RINR,,,,,,,,,,,,,,,,,,,,,,-3.662879006,-2.136633252,4.254206987,0.971565106,3.129667665,9.5406507,5.237109559,1.016979614,14.06075266,-12.01051887,11.38755392,3.009487538,-1.048505493,-10.50288752,4.529153002,2.992051961,5.709652654,2.561627714,5.913268936,4.522841874,0.084614949,-1.149455302,-12.62010459,6.010979455,-1.309227822,-0.163419216,-1.184274732,1.475946838,5.047565475,12.47041208,8.323860535,6.331583252,8.228339217,6.983413886,6.889235487,9.72136458,7.914122901,2.68017281,9.239167931,12.16985021,11.30263535,,,
Sierra Leone,SLE,Real interest rate (%),FR.INR.RINR,,,,,,2.664426602,5.126402678,14.71143773,1.249809472,-5.400148506,10.3643789,16.04109111,1.934522361,-12.35558758,-5.396608374,-0.338765999,0.661053288,-7.304461531,-10.37555902,-0.480322597,18.0961001,5.797410854,-2.954919189,-1.832698544,-15.57393256,-30.72401959,-34.35013856,-51.61725027,-22.08815552,-19.70670707,-10.60518411,-31.69747261,-10.54272558,18.71761139,1.816130229,-3.566411804,1.961725299,21.13852953,0.047029202,8.225244964,22.23916035,-53.64163175,27.16973516,6.009234729,8.204529093,6.832323499,10.22909084,17.25856727,13.99666878,12.54614359,3.249551609,3.158600574,7.995972874,12.71592958,17.30560434,-0.760895337,9.791960775,6.151412182,1.711335037,7.324787872,4.115037583,10.63566334,-6.017288889,-7.411526866,
El Salvador,SLV,Real interest rate (%),FR.INR.RINR,,,,,,,,,,,,,,,,,,,,,,,,,,,,,,,,,,,,,,,,,,,,,,,,,,,,,,,,,,,,,,,,,
San Marino,SMR,Real interest rate (%),FR.INR.RINR,,,,,,,,,,,,,,,,,,,,,,,,,,,,,,,,,,,,,,,,,,5.254468173,5.433544914,4.9151608,5.025559203,5.416779601,4.604612755,9.747137827,4.921164321,4.696190076,3.896411706,5.758507607,3.255870776,4.531418101,5.699071578,3.25650062,1.683001162,2.283386606,2.056330154,3.043074755,3.377692772,1.660293624,1.009508528,,
Somalia,SOM,Real interest rate (%),FR.INR.RINR,,,,,,,,,,,,,,,,-7.188334039,-8.757239796,-3.053433741,-4.727461774,-7.068829053,-43.30169419,-8.097554945,-13.18431104,-17.93137723,-34.73513011,-7.044412128,-13.28709672,-5.941218275,-18.46228435,,,,,,,,,,,,,,,,,,,,,,,,,,,,,,,,,,,,
Serbia,SRB,Real interest rate (%),FR.INR.RINR,,,,,,,,,,,,,,,,,,,,,,,,,,,,,,,,,,,,,,0.976009992,-6.764162691,-19.80486028,-0.289228679,-24.60063435,-13.28482548,-8.834211892,-4.323282725,-9.118986256,-7.663099651,-4.078180632,-3.165726183,-1.444464364,-0.182391143,,,,,,,,,,,,,,
Sub-Saharan Africa (excluding high income),SSA,Real interest rate (%),FR.INR.RINR,,,,,,,,,,,,,,,,,,,,,,,,,,,,,,,,,,,,,,,,,,,,,,,,,,,,,,,,,,,,,,,,,
South Sudan,SSD,Real interest rate (%),FR.INR.RINR,,,,,,,,,,,,,,,,,,,,,,,,,,,,,,,,,,,,,,,,,,,,,,,,,,,,,-23.53581405,-16.81025034,61.8826039,-3.321404055,-33.00918961,-77.56128012,-27.28786833,-25.09795733,14.55130674,-8.153528605,-49.95519325,-20.46469075,
Sub-Saharan Africa,SSF,Real interest rate (%),FR.INR.RINR,,,,,,,,,,,,,,,,,,,,,,,,,,,,,,,,,,,,,,,,,,,,,,,,,,,,,,,,,,,,,,,,,
Small states,SST,Real interest rate (%),FR.INR.RINR,,,,,,,,,,,,,,,,,,,,,,,,,,,,,,,,,,,,,,,,,,,,,,,,,,,,,,,,,,,,,,,,,
Sao Tome and Principe,STP,Real interest rate (%),FR.INR.RINR,,,,,,,,,,,,,,,,,,,,,,,,,,,,,,,,,,,,,,,,,,27.81702071,23.22727706,13.83540952,13.00134435,10.16453269,14.09662584,20.80007396,2.772460652,15.05439262,20.48294462,13.67227749,18.5035276,17.46558471,17.73257846,17.99183834,11.70585886,14.92356274,10.05691942,7.008218859,8.7484591,12.66793549,1.834138704,-3.183873104,
Suriname,SUR,Real interest rate (%),FR.INR.RINR,,,,,,,,,,,,,,,,,,,,,,,,,,,,,,,-27.48906784,-3.060093385,-19.25435875,-57.52634537,-78.56533991,-62.75419569,21.48900749,31.19040916,8.415014928,-26.7846946,-19.74758257,-9.89407701,-11.10919196,-0.227758123,6.73863741,1.609997479,-16.82617235,6.898239635,-2.874922397,4.851803072,4.099001972,-1.829986334,0.908894422,11.55522213,10.53283896,7.402705034,-8.532348491,-10.70669495,8.175726537,9.303491481,-20.94895148,-29.11378167,-23.20574814,-13.68110269,
Slovak Republic,SVK,Real interest rate (%),FR.INR.RINR,,,,,,,,,,,,,,,,,,,,,,,,,,,,,,,,,,,,,,,,,,,,,,,,,,,,,,,,,,,,,,,,,
Slovenia,SVN,Real interest rate (%),FR.INR.RINR,,,,,,,,,,,,,,,,,,,,,,,,,,,,,,,,,,,,,,,,,,,,,,,,,,,,,,,,,,,,,,,,,
Sweden,SWE,Real interest rate (%),FR.INR.RINR,,,,,,,,,,,,,,,,,,,,,,,,,,,,,,,,,14.04208374,9.673719949,7.948669023,7.169448023,7.595221412,5.479306958,5.53989293,4.327640777,4.135554338,3.060958786,4.102426377,3.112135926,3.75230632,2.746551128,1.898805728,,,,,,,,,,,,,,,,,,
Eswatini,SWZ,Real interest rate (%),FR.INR.RINR,,,,,,,,,,,,,,,,6.271983546,-2.703417154,0.048779269,-0.073075126,-3.378627432,1.192558663,7.477180664,1.905990998,11.23107153,8.344995713,13.81072803,0.321220231,10.63681617,-8.848824014,11.27877682,-12.18308752,6.654776511,4.256369885,-2.593008256,2.955357885,0.347010857,10.20065033,7.32423589,11.2608265,11.43266667,-9.049525695,3.953806755,5.816532081,8.131186282,7.143820949,3.817847384,6.848736198,7.763103634,3.99160901,1.462218099,6.349809975,3.473535253,0.001495653,5.977548101,2.177532628,3.135087141,3.503493887,4.583669201,6.580301069,7.388252934,2.950775552,7.070130261,-1.153271232,9.066212023,
Sint Maarten (Dutch part),SXM,Real interest rate (%),FR.INR.RINR,,,,,,,,,,,,,,,,,,,,,,,,,,,,,,,,,,,,,,,,,,,,,,,,,,,,,,,,,,,,,,,,,
Seychelles,SYC,Real interest rate (%),FR.INR.RINR,,,,,,,,,,,,,,,,,,,,,,,,,,,,,,13.10237493,8.721732664,17.98648203,10.40915227,12.31216965,12.72271353,18.21127068,23.73952716,13.88473412,3.523876311,8.930402005,9.367775438,4.209416352,6.731164157,4.406965267,-11.77667824,9.267881537,8.48523589,-0.167198865,-15.24983484,-10.01288451,15.14335555,10.01891366,1.588142904,6.291734551,4.897124167,13.49678463,14.99623108,9.682908864,8.566122632,12.46162574,6.060004488,6.235638501,7.465475414,10.56051084,
Syrian Arab Republic,SYR,Real interest rate (%),FR.INR.RINR,,,,,,,,,,,,,,,,,,,,,,,,,,,,,,,,,,,,,,,,,,,,,,,,,,,,,,,,,,,,,,,,,
Turks and Caicos Islands,TCA,Real interest rate (%),FR.INR.RINR,,,,,,,,,,,,,,,,,,,,,,,,,,,,,,,,,,,,,,,,,,,,,,,,,,,,,,,,,,,,,,,,,
Chad,TCD,Real interest rate (%),FR.INR.RINR,,,,,,,,,,,,,,,,,,,,,,,,,,,,,,,,,,,,,,,,,,,,,,,,,,,,,,,,,,,,,,,,,
East Asia & Pacific (IDA & IBRD countries),TEA,Real interest rate (%),FR.INR.RINR,,,,,,,,,,,,,,,,,,,,,,,,,,,,,,,,,,,,,,,,,,,,,,,,,,,,,,,,,,,,,,,,,
Europe & Central Asia (IDA & IBRD countries),TEC,Real interest rate (%),FR.INR.RINR,,,,,,,,,,,,,,,,,,,,,,,,,,,,,,,,,,,,,,,,,,,,,,,,,,,,,,,,,,,,,,,,,
Togo,TGO,Real interest rate (%),FR.INR.RINR,,,,,,,,,,,,,,,,,,,,,,,,,,,,,,,,,,,,,,,,,,,,,,2.71985273,5.272253185,-0.202093977,-3.749770599,1.804034146,5.211533565,2.369510988,3.232197985,3.544559385,4.835254345,2.887844517,3.782101109,6.078745485,,,,,,,
Thailand,THA,Real interest rate (%),FR.INR.RINR,,,,,,,,,,,,,,,,,6.262932109,4.604205531,1.168657134,3.969564126,3.055257043,8.153283418,11.32754779,11.15221596,15.12481298,13.60981725,11.53121579,6.510928117,5.348397416,5.779725927,8.171716429,9.124942558,7.346329001,4.391006807,5.945261762,7.102087274,8.93166038,8.834094764,5.87889883,11.86179246,6.416871607,5.252581151,,,0.949922532,-0.354173197,1.112794602,3.486985687,0.654506895,4.572319805,0.243128639,1.276682032,3.216757125,3.224334982,3.457843171,3.981013973,1.78511917,2.469714624,2.679797289,3.038915787,4.651690048,1.266497157,-1.554556797,3.028638612,
Tajikistan,TJK,Real interest rate (%),FR.INR.RINR,,,,,,,,,,,,,,,,,,,,,,,,,,,,,,,,,,,,,,,,,,,-3.878876297,-8.150462962,2.455078029,12.57419374,2.554517454,-3.362205465,-3.56503833,9.355201282,9.725941381,8.062972034,8.246125101,19.97544733,18.86532865,17.75116938,24.27035304,18.06944068,24.09604073,19.18895987,,,,,
Turkmenistan,TKM,Real interest rate (%),FR.INR.RINR,,,,,,,,,,,,,,,,,,,,,,,,,,,,,,,,,,,,,,,,,,,,,,,,,,,,,,,,,,,,,,,,,
Latin America & the Caribbean (IDA & IBRD countries),TLA,Real interest rate (%),FR.INR.RINR,,,,,,,,,,,,,,,,,,,,,,,,,,,,,,,,,,,,,,,,,,,,,,,,,,,,,,,,,,,,,,,,,
Timor-Leste,TLS,Real interest rate (%),FR.INR.RINR,,,,,,,,,,,,,,,,,,,,,,,,,,,,,,,,,,,,,,,,,,,,,,,,,,,,-0.467443608,5.699264916,-3.625258193,13.69442015,5.871063452,13.88733414,13.52825417,15.02372397,9.697110589,41.2938053,-30.12500278,-0.407357106,39.86298328,
Middle East & North Africa (IDA & IBRD countries),TMN,Real interest rate (%),FR.INR.RINR,,,,,,,,,,,,,,,,,,,,,,,,,,,,,,,,,,,,,,,,,,,,,,,,,,,,,,,,,,,,,,,,,
Tonga,TON,Real interest rate (%),FR.INR.RINR,,,,,,,,,,,,,,,,,,,,,,,,,,,,,,,,,,,,,,,,,,,,,,,,,,,,,5.410996498,11.91830217,8.599244625,2.884816193,4.810914137,2.175414286,2.95488506,3.187085817,7.357876245,5.154624146,5.663487856,7.759865756,
South Asia (IDA & IBRD),TSA,Real interest rate (%),FR.INR.RINR,,,,,,,,,,,,,,,,,,,,,,,,,,,,,,,,,,,,,,,,,,,,,,,,,,,,,,,,,,,,,,,,,
Sub-Saharan Africa (IDA & IBRD countries),TSS,Real interest rate (%),FR.INR.RINR,,,,,,,,,,,,,,,,,,,,,,,,,,,,,,,,,,,,,,,,,,,,,,,,,,,,,,,,,,,,,,,,,
Trinidad and Tobago,TTO,Real interest rate (%),FR.INR.RINR,,,,,,,,,,,,,,,,,,,,-12.59581209,-10.37750371,3.880052926,-0.590170571,5.063416057,6.357181308,11.30993046,13.41734148,6.339684357,8.089022703,5.71772755,-2.267652316,11.4180715,23.90090401,6.146590625,2.393764297,10.55721798,13.68894059,19.57039101,19.55281202,12.21293985,3.977794996,12.52283751,18.63956764,0.622840513,0.393330895,-3.721501934,9.032103071,-0.888544432,-9.172622798,54.67772821,-3.061060946,-6.705743095,7.338340512,5.750972904,8.493869808,18.53487909,9.814290589,0.726654512,6.239045993,13.57998965,10.75468839,-9.787161633,-11.0292535,19.71218223,
Tunisia,TUN,Real interest rate (%),FR.INR.RINR,,,,,,,,,,,,,,,,,,,,,,,,,,,,,,,,,,,,,,,,,,,,,,,,,,,,,,,,,,,,,,,,,
Turkiye,TUR,Real interest rate (%),FR.INR.RINR,,,,,,,,,,,,,,,,,,,,,,,,,,,,,,,,,,,,,,,,,,,,,,,,,,,,,,,,,,,,,,,,,
Tuvalu,TUV,Real interest rate (%),FR.INR.RINR,,,,,,,,,,,,,,,,,,,,,,,,,,,,,,,,,,,,,,,,,,,,,,,,,,,,,,,,,,,,,,,,,
Tanzania,TZA,Real interest rate (%),FR.INR.RINR,,,,,,,,,,,,,,,,,,,,,,,,,,,,,,,,,1.583553997,2.329131424,2.479062278,8.626007239,12.27968757,4.712578398,7.590812408,9.282917937,12.36253165,14.54100202,8.547002747,5.62474852,6.787345316,8.290013165,9.612352705,6.389565196,-1.201762229,5.492230434,4.674687403,2.464304207,4.591413722,5.648641681,9.655733868,7.912936186,7.896286481,14.74699863,13.94857765,14.36289174,9.637502016,,,,
Uganda,UGA,Real interest rate (%),FR.INR.RINR,,,,,,,,,,,,,,,,,,,,,,,,-20.40352836,-2.682174748,-43.7223014,-43.80780446,-52.07387467,-53.44428082,-35.01874021,-3.957209764,6.66352497,-4.106292762,,13.02191887,9.861413113,15.03424724,17.72687057,11.10068608,21.68683165,10.62161427,17.33449567,22.99559284,10.32903873,4.339243939,21.76555229,15.90900436,10.98062354,13.2429703,-34.74344296,13.76121465,11.37349893,21.48807914,19.01463002,15.67738412,16.5546646,18.23339373,15.89084711,14.7478688,,,,,,
Ukraine,UKR,Real interest rate (%),FR.INR.RINR,,,,,,,,,,,,,,,,,,,,,,,,,,,,,,,,,-90.59538957,-91.72148163,-66.73459834,-56.82517766,8.268450495,26.29107592,37.92865243,21.62683606,11.00145696,20.03346247,19.09263919,8.996081274,1.812917672,-6.383677319,0.275719909,-7.280207364,-8.934742045,7.310138996,1.931117374,1.546056077,9.640126562,11.83064836,1.567106913,-12.28292898,1.827569687,-4.680484232,3.125121819,10.69365877,3.624317792,-9.224526961,-12.08600527,3.064902991,
Upper middle income,UMC,Real interest rate (%),FR.INR.RINR,,,,,,,,,,,,,,,,,,,,,,,,,,,,,,,,,,,,,,,,,,,,,,,,,,,,,,,,,,,,,,,,,
Uruguay,URY,Real interest rate (%),FR.INR.RINR,,,,,,,,,,,,,,,,,8.448977219,4.210917665,17.10763458,-8.742846965,6.334440303,24.49742603,32.64777593,24.08629462,15.55591527,10.14536635,12.19787129,11.61396,13.60275329,27.01993521,30.09299455,23.58921171,34.15403885,31.44041481,38.2846468,38.99454008,49.25016117,32.83704373,38.93620634,45.96919441,42.49692396,43.20642136,93.91507813,36.38129894,12.3282787,12.84458558,1.708911128,-1.246670585,3.255414292,6.138784228,4.330497689,-0.085186936,1.632604089,3.151231219,4.820769321,5.448671586,7.40056466,7.715058204,4.348384407,3.049106576,0.229432279,-3.354877574,6.351125405,8.183682955,
United States,USA,Real interest rate (%),FR.INR.RINR,,3.107884875,3.215345976,3.374882242,2.951669,2.565913126,2.649420629,2.406227032,1.863911247,2.851773364,2.514918208,0.621992028,0.883965218,2.409693847,1.651065967,-1.281580541,1.266790381,0.575101011,1.889808212,4.034389289,5.716362864,8.594600692,8.177208212,6.618035469,8.140906602,6.563243834,6.193869587,5.587520283,5.590302237,6.690264666,6.039749853,4.915295961,3.884294898,3.545632164,4.898541338,6.594217971,6.324285988,6.603347424,7.149945265,6.487267351,6.813792459,4.567138944,3.073247242,2.10659449,1.607680461,2.960875213,4.72786367,5.199863763,3.10104222,2.617077655,2.010282621,1.162898652,1.36246375,1.522213389,1.482561391,2.310514641,2.537232299,2.26529638,2.554749873,3.573062166,2.186281899,-1.258521589,,,
Uzbekistan,UZB,Real interest rate (%),FR.INR.RINR,,,,,,,,,,,,,,,,,,,,,,,,,,,,,,,,,,,,,,,,,,,,,,,,,,,,,,3.762617024,1.723513238,2.962029555,4.217004277,-13.69141211,-4.699302529,5.128645565,10.60543978,6.799111986,6.363174975,8.425058735,
St. Vincent and the Grenadines,VCT,Real interest rate (%),FR.INR.RINR,,,,,,,,,,,,,,,,,,,,,-3.613233419,-8.053504347,2.165344818,4.092108496,6.892585962,9.107272708,6.336807304,2.324709073,10.56039982,5.412263983,3.791830483,6.065930081,8.544762155,13.2756917,9.146101595,9.627906856,7.396162433,9.798585292,7.844219021,9.555435476,3.43607106,5.189368078,11.33230857,14.31705513,5.730658286,6.492039125,5.814149038,2.130110152,7.105835274,10.45000637,3.401420707,9.485532327,8.231715715,7.039755962,9.633473069,10.10871699,9.769000447,6.441085494,6.831386662,5.902407365,8.935361974,8.074422863,3.856665127,3.008158488,
"Venezuela, RB",VEN,Real interest rate (%),FR.INR.RINR,,,,,,,,,,,,,,,,,,,,,,,,,-23.13700399,-0.989593141,9.778566348,-21.07967419,-8.439120212,-35.24239943,-4.380528909,12.93846565,10.20198316,21.46353118,-5.055957991,-7.917595505,-35.31445735,-7.661556204,23.09878633,4.701637098,-3.28587533,13.38442313,2.672189947,-7.218669896,-11.53910259,-9.872293159,-2.058999173,1.434858453,-5.964399617,11.18564461,-18.90855875,-8.583113847,2.034527031,-14.47032296,-16.53997606,,,,,,,,,,
British Virgin Islands,VGB,Real interest rate (%),FR.INR.RINR,,,,,,,,,,,,,,,,,,,,,,,,,,,,,,,,,,,,,,,,,,,,,,,,,,,,,,,,,,,,,,,,,
Virgin Islands (U.S.),VIR,Real interest rate (%),FR.INR.RINR,,,,,,,,,,,,,,,,,,,,,,,,,,,,,,,,,,,,,,,,,,,,,,,,,,,,,,,,,,,,,,,,,
Viet Nam,VNM,Real interest rate (%),FR.INR.RINR,,,,,,,,,,,,,,,,,,,,,,,,,,,,,,,,,,12.57720782,,,10.49086664,7.335321062,5.110478707,6.587522341,6.905766651,6.624035466,4.166937123,2.213057917,1.188922336,-6.552887403,2.401517259,1.413637871,-5.616335289,3.627881412,-20.49708191,-3.673264804,4.028328027,6.089708704,4.789731165,8.988296876,5.048602928,2.591514159,3.614155043,5.159252657,6.090642997,4.792180473,3.807826728,7.278032563,
Vanuatu,VUT,Real interest rate (%),FR.INR.RINR,,,,,,,,,,,,,,,,,,,,,,,,,,,,,,,,,,,,,,,,,,,,,,,,,,,,,,7.320991242,8.890286702,4.096753857,8.390695983,4.366680531,6.758306477,6.55161914,6.786465234,8.573626787,-2.175475479,-2.132950803,
World,WLD,Real interest rate (%),FR.INR.RINR,,,,,,,,,,,,,,,,,,,,,,,,,,,,,,,,,,,,,,,,,,,,,,,,,,,,,,,,,,,,,,,,,
Samoa,WSM,Real interest rate (%),FR.INR.RINR,,,,,,,,,,,,,,,,,,,,,,,,,,,,,,,,,,,,,,,,,,7.935959603,9.819027428,8.517193125,3.883409995,7.146840787,6.124540952,4.802499559,3.245064267,10.23309291,16.72668945,10.97219147,5.607730842,7.674477724,9.084386674,5.332260593,6.696588051,8.431054502,7.767265148,7.319919293,7.39095436,8.952592121,2.511096652,-0.359754639,
Kosovo,XKX,Real interest rate (%),FR.INR.RINR,,,,,,,,,,,,,,,,,,,,,,,,,,,,,,,,,,,,,,,,,,,,,,,,,,17.72506947,7.494362229,7.028193084,8.829166775,11.42652273,8.871489611,7.665564921,6.615990449,6.364675068,5.079008841,,,,,,
"Yemen, Rep.",YEM,Real interest rate (%),FR.INR.RINR,,,,,,,,,,,,,,,,,,,,,,,,,,,,,,,,,,,,,-3.889803669,8.143820152,28.87715921,-7.026456176,-3.084318629,14.35723398,8.275501086,6.409511224,3.844143709,-0.449960737,3.883621146,6.413407629,-1.975237376,29.2517104,0.175576626,5.83025955,17.57133442,11.78875491,,,,,,,,,,,
South Africa,ZAF,Real interest rate (%),FR.INR.RINR,,5.20015217,6.013274276,2.423272983,3.66787862,3.800071115,3.246208177,4.231876635,4.244907381,0.571117251,3.320387344,2.726832394,-1.74296023,-7.792578939,-4.050719824,0.763317781,1.775301305,2.034815518,1.45165582,-3.476381373,-11.00901069,2.32802853,4.172433587,-0.343774615,10.06093926,4.611218371,-1.991766557,-2.044467074,-0.075808744,2.350216101,4.811415257,4.027493262,3.654137358,2.464687826,5.255469727,6.36739524,10.64480937,10.96989892,12.69103362,10.39506698,4.870582387,5.538341433,2.854185516,8.047848389,4.950384359,4.761489203,4.81030228,4.546045669,6.745151503,2.802508977,3.49095979,3.279301223,3.882872998,2.509245497,3.56702763,3.667742833,3.278251678,4.647315485,5.856183558,5.268415653,2.198413839,0.472106501,3.618540675,6.38879359,
Zambia,ZMB,Real interest rate (%),FR.INR.RINR,,,,,,,,,,,,,,,,,,,-3.932755937,-10.50605601,-2.024746434,2.184968431,3.166989829,-4.745323586,-3.202506282,-15.96661013,-29.99826895,-25.1937132,-11.97134954,-34.54680202,-34.53904084,-25.77388955,-41.79024398,-12.45596934,-5.634470195,11.42491392,23.67048576,16.97662997,12.7393085,19.15879543,4.66476807,16.67746349,21.61562428,19.52534147,9.196933647,9.909085184,7.517820242,5.240870634,7.613795381,15.63363346,6.112942212,6.956559577,4.821477426,-0.191430038,5.816367831,6.179215852,1.693929278,2.091490485,2.21586529,2.469674325,-3.893032453,,,,
Zimbabwe,ZWE,Real interest rate (%),FR.INR.RINR,,,,,,,,,,,,,,,,,,,,,,,,,,,,,,,,,,,,,,,,,,,,,,,,,,,,,6.428554065,1.52543469,8.787605224,8.144427456,4.998562809,-64.28157094,3.45459026,-64.29515135,-81.13212091,-31.79555083,-36.83339259,-73.54044052,
